[Licensing::Module] Trying to connect to existing licensing client channel...
[Licensing::IpcConnector] Successfully connected to: "LicenseClient-caoso" at "2026-05-06T12:38:31.9035069Z"
Built from '6000.4/staging' branch; Version is '6000.4.0f1 (8cf496087c8f) revision 9237654'; Using compiler version '194234433'; Build Type 'Release'
OS: 'Windows 11  (10.0.22631) Professional' Language: 'en' Physical Memory: 16248 MB
BatchMode: 1, IsHumanControllingUs: 0, StartBugReporterOnCrash: 0, Is64bit: 1
System  architecture: x64
Process architecture: x64
Date: 2026-05-06T12:38:31Z

COMMAND LINE ARGUMENTS:
C:\Program Files\Unity\Hub\Editor\6000.4.0f1\Editor\Unity.exe
-adb2
-batchMode
-noUpm
-name
AssetImportWorker0
-projectPath
C:/DACN_CaoXuanSon/DATN2026/SVSimulator
-logFile
Logs/AssetImportWorker0.log
-srvPort
64050
-licensingIpc
LicenseClient-caoso
-force-d3d12
-job-worker-count
3
-background-job-worker-count
8
-gc-helper-count
1
-name
AssetImport
Successfully changed project path to: C:/DACN_CaoXuanSon/DATN2026/SVSimulator
C:/DACN_CaoXuanSon/DATN2026/SVSimulator
[UnityMemory] Configuration Parameters - Can be set up in boot.config
    "memorysetup-temp-allocator-size-gi-baking-worker=262144"
    "memorysetup-temp-allocator-size-gi-baking-worker=262144"
    "memorysetup-temp-allocator-size-gi-baking-worker=262144"
    "memorysetup-temp-allocator-size-gi-baking-worker=262144"
    "memorysetup-temp-allocator-size-gi-baking-worker=262144"
    "memorysetup-temp-allocator-size-nav-mesh-worker=65536"
    "memorysetup-temp-allocator-size-audio-worker=65536"
    "memorysetup-temp-allocator-size-cloud-worker=32768"
    "memorysetup-temp-allocator-size-gfx=262144"
    "memorysetup-temp-allocator-size-preload-manager=33554432"
    "memorysetup-temp-allocator-size-job-worker=262144"
    "memorysetup-temp-allocator-size-background-worker=32768"
    "memorysetup-allocator-temp-initial-block-size-main=262144"
    "memorysetup-allocator-temp-initial-block-size-worker=262144"
    "memorysetup-bucket-allocator-granularity=16"
    "memorysetup-bucket-allocator-bucket-count=8"
    "memorysetup-bucket-allocator-block-size=33554432"
    "memorysetup-bucket-allocator-block-count=8"
    "memorysetup-main-allocator-block-size=16777216"
    "memorysetup-thread-allocator-block-size=16777216"
    "memorysetup-gfx-main-allocator-block-size=16777216"
    "memorysetup-gfx-thread-allocator-block-size=16777216"
    "memorysetup-cache-allocator-block-size=4194304"
    "memorysetup-typetree-allocator-block-size=2097152"
    "memorysetup-profiler-bucket-allocator-granularity=16"
    "memorysetup-profiler-bucket-allocator-bucket-count=8"
    "memorysetup-profiler-bucket-allocator-block-size=33554432"
    "memorysetup-profiler-bucket-allocator-block-count=8"
    "memorysetup-profiler-allocator-block-size=16777216"
    "memorysetup-profiler-editor-allocator-block-size=1048576"
    "memorysetup-temp-allocator-size-main=16777216"
    "memorysetup-job-temp-allocator-block-size=2097152"
    "memorysetup-job-temp-allocator-block-size-background=1048576"
    "memorysetup-job-temp-allocator-reduction-small-platforms=262144"
Player connection [14284]  Target information:

Player connection [14284]  * "[IP] 192.168.112.1 [Port] 0 [Flags] 2 [Guid] 1401943612 [EditorId] 1401943612 [Version] 1048832 [Id] WindowsEditor(7,xuanson) [Debug] 1 [PackageName] WindowsEditor [ProjectName] Editor" 

Player connection [14284]  * "[IP] 192.168.171.1 [Port] 0 [Flags] 2 [Guid] 1401943612 [EditorId] 1401943612 [Version] 1048832 [Id] WindowsEditor(7,xuanson) [Debug] 1 [PackageName] WindowsEditor [ProjectName] Editor" 

Player connection [14284]  * "[IP] 192.168.111.32 [Port] 0 [Flags] 2 [Guid] 1401943612 [EditorId] 1401943612 [Version] 1048832 [Id] WindowsEditor(7,xuanson) [Debug] 1 [PackageName] WindowsEditor [ProjectName] Editor" 

Player connection [14284] Host joined multi-casting on [225.0.0.222:54997]...
Player connection [14284] Host joined alternative multi-casting on [225.0.0.222:34997]...
JobSystem: Creating JobQueue using job-worker-count value 3
Input System module state changed to: Initialized.
[Physics::Module] Initialized fallback backend.
[Physics::Module] Id: 0xdecafbad
Library Redirect Path: Library/
[Physics::Module] Selected backend.
[Physics::Module] Name: PhysX
[Physics::Module] Id: 0xf2b8ea05
[Physics::Module] SDK Version: 4.1.2
[Physics::Module] Integration Version: 1.0.0
[Physics::Module] Threading Mode: Multi-Threaded
Active build profile path: `Assets/Settings/Build Profiles/Windows.asset`
Got setting from build profile YAML, name `m_BuildTarget`, value `19`
Got setting from build profile YAML, name `m_Subtarget`, value `2`
Refreshing native plugins compatible for Editor in 51.67 ms, found 4 plugins.
Initialize engine version: 6000.4.0f1 (8cf496087c8f)
[Subsystems] Discovering subsystems at path C:/Program Files/Unity/Hub/Editor/6000.4.0f1/Editor/Data/Resources/UnitySubsystems
[Subsystems] Discovering subsystems at path C:/DACN_CaoXuanSon/DATN2026/SVSimulator/Assets
Forcing GfxDevice: Direct3D 12
GfxDevice: creating device client; kGfxThreadingModeNonThreaded
d3d12: failed to query info queue interface (0x80004002).
Direct3D:
    Version:         Direct3D 12 [level 12.1]
    Renderer:        Intel(R) UHD Graphics 620 (ID=0x5917)
    Vendor:          Intel
    VRAM:            8124 MB
    App VRAM Budget: 7462 MB
    Driver:          27.20.100.9664
    Unified Memory Architecture
    Cache Coherent UMA
Initialize mono
Mono path[0] = 'C:/Program Files/Unity/Hub/Editor/6000.4.0f1/Editor/Data/Managed'
Mono path[1] = 'C:/Program Files/Unity/Hub/Editor/6000.4.0f1/Editor/Data/MonoBleedingEdge/lib/mono/unityjit-win32'
Mono config path = 'C:/Program Files/Unity/Hub/Editor/6000.4.0f1/Editor/Data/MonoBleedingEdge/etc'
Using monoOptions --debugger-agent=transport=dt_socket,embedding=1,server=y,suspend=n,address=127.0.0.1:56352
CodeReloadManager initialized
Begin MonoManager ReloadAssembly
Registering precompiled unity dll's ...
Register platform support module: C:/Program Files/Unity/Hub/Editor/6000.4.0f1/Editor/Data/PlaybackEngines/WindowsStandaloneSupport/UnityEditor.WindowsStandalone.Extensions.dll
[Licensing::Module] Licensing is not yet initialized.
[Licensing::Client] Error: HandshakeResponse reported an error:
	ResponseCode: 505
	ResponseStatus: Unsupported protocol version '1.18.1'.
[Licensing::Module] Error: Failed to handshake to channel: "LicenseClient-caoso"
[Licensing::IpcConnector] LicenseClient-caoso channel disconnected successfully.
[Licensing::IpcConnector] Successfully connected to: "LicenseClient-caoso-6000.4.0" at "2026-05-06T12:38:38.7271228Z"
[Licensing::Client] Handshaking with LicensingClient:
  Version:                 1.18.1+9fbee8e
  Session Id:              99c0705bd02a4f20b66d8a0f69a97fb4
  Correlation Id:          acb0578fbdfb2fee8d68a133ba0ac1b7
  External correlation Id: 742422324905525622
  Machine Id:              b3Ma0jvZYMUFrv7FdEdnjTxeabI=
[Licensing::Module] Successfully connected to LicensingClient on channel: "LicenseClient-caoso-6000.4.0" (connect: 0.00s, validation: 0.00s, handshake: 5.14s)
[Licensing::IpcConnector] Successfully connected to: "LicenseClient-caoso-6000.4.0-notifications" at "2026-05-06T12:38:43.8765642Z"
[Licensing::Module] Licensing Background thread has ended after 11.97s
[Licensing::Module] Licensing is initialized (took 6.69s).
[Licensing::Client] Successfully resolved entitlement details
[Licensing::Module] License group:
  Id: 18967681790885-UnityPersXXXX
  Product: Unity Personal
  Type: Assigned
  Expiration: Unlimited
Register platform support module: C:/Program Files/Unity/Hub/Editor/6000.4.0f1/Editor/Data/PlaybackEngines/AndroidPlayer/UnityEditor.Android.Extensions.dll
Registered in 6.715705 seconds.
Native extension for Android target not found
Android Extension - Scanning For ADB Devices 1130 ms
Native extension for WindowsStandalone target not found
Package Manager log level set to [2]
[Package Manager] Failed to launch server process. Reason: Unity was launched with the -noUpm command-line argument
[Package Manager] Unable to send message (not connected to server process).
[Package Manager] Cannot connect to Unity Package Manager local server
ScheduleIndexationOnStartup MainProcess:False IndexOnStartup:True
Mono: successfully reloaded assembly
- Finished resetting the current domain, in  3.659 seconds
Domain Reload Profiling: 13806ms
	BeginReloadAssembly (819ms)
		CreateAndSetChildDomain (3ms)
	RebuildCommonClasses (198ms)
	RebuildNativeTypeToScriptingClass (58ms)
	initialDomainReloadingComplete (7018ms)
	LoadAllAssembliesAndSetupDomain (2051ms)
		LoadAssemblies (792ms)
		AnalyzeDomain (1979ms)
			TypeCache.Refresh (1964ms)
				TypeCache.ScanAssembly (1843ms)
			ResolveRequiredComponents (7ms)
	FinalizeReload (3662ms)
		SetupLoadedEditorAssemblies (0ms)
			InitializePlatformSupportModulesInManaged (1578ms)
			BeforeProcessingInitializeOnLoad (541ms)
			ProcessInitializeOnLoadAttributes (680ms)
			ProcessInitializeOnLoadMethodAttributes (384ms)
========================================================================
Worker process is ready to serve import requests
Import Worker Mode flag is 0x00
Begin MonoManager ReloadAssembly
Got setting from build profile YAML, name `m_Development`, value `0`
[Licensing::Client] Successfully resolved entitlement details
Assembly Assembly-CSharp-Editor-firstpass.dll at Library/ScriptAssemblies/Assembly-CSharp-Editor-firstpass.dll not valid. Loading of assembly skipped.
Assembly Assembly-CSharp-firstpass.dll at Library/ScriptAssemblies/Assembly-CSharp-firstpass.dll not valid. Loading of assembly skipped.
Assembly DocCodeExamples.dll at Library/ScriptAssemblies/DocCodeExamples.dll not valid. Loading of assembly skipped.
Assembly TestNewCustomAssembly.dll at Library/ScriptAssemblies/TestNewCustomAssembly.dll not valid. Loading of assembly skipped.
Assembly Unity.2D.Animation.EditorTests.dll at Library/ScriptAssemblies/Unity.2D.Animation.EditorTests.dll not valid. Loading of assembly skipped.
Assembly Unity.2D.Aseprite.EditorTests.dll at Library/ScriptAssemblies/Unity.2D.Aseprite.EditorTests.dll not valid. Loading of assembly skipped.
Assembly Unity.2D.Common.EditorTests.dll at Library/ScriptAssemblies/Unity.2D.Common.EditorTests.dll not valid. Loading of assembly skipped.
Assembly Unity.2D.Psdimporter.EditorTests.dll at Library/ScriptAssemblies/Unity.2D.Psdimporter.EditorTests.dll not valid. Loading of assembly skipped.
Assembly Unity.2D.Sprite.Package.EditorTests.dll at Library/ScriptAssemblies/Unity.2D.Sprite.Package.EditorTests.dll not valid. Loading of assembly skipped.
Assembly Unity.2D.SpriteShape.EditorTests.dll at Library/ScriptAssemblies/Unity.2D.SpriteShape.EditorTests.dll not valid. Loading of assembly skipped.
Assembly Unity.2D.Tilemap.Package.EditorTests.dll at Library/ScriptAssemblies/Unity.2D.Tilemap.Package.EditorTests.dll not valid. Loading of assembly skipped.
Assembly Unity.Collections.BurstCompatibilityGen.dll at Library/ScriptAssemblies/Unity.Collections.BurstCompatibilityGen.dll not valid. Loading of assembly skipped.
Assembly Unity.Collections.DocCodeSamples.dll at Library/ScriptAssemblies/Unity.Collections.DocCodeSamples.dll not valid. Loading of assembly skipped.
Assembly Unity.Collections.PerformanceTests.dll at Library/ScriptAssemblies/Unity.Collections.PerformanceTests.dll not valid. Loading of assembly skipped.
Assembly Unity.Collections.Tests.dll at Library/ScriptAssemblies/Unity.Collections.Tests.dll not valid. Loading of assembly skipped.
Assembly Unity.Collections.Tests.Playmode.dll at Library/ScriptAssemblies/Unity.Collections.Tests.Playmode.dll not valid. Loading of assembly skipped.
Assembly Unity.InputSystem.IntegrationTests.dll at Library/ScriptAssemblies/Unity.InputSystem.IntegrationTests.dll not valid. Loading of assembly skipped.
Assembly Unity.Mathematics.Tests.dll at Library/ScriptAssemblies/Unity.Mathematics.Tests.dll not valid. Loading of assembly skipped.
Assembly Unity.Multiplayer.Center.Editor.Tests.dll at Library/ScriptAssemblies/Unity.Multiplayer.Center.Editor.Tests.dll not valid. Loading of assembly skipped.
Assembly Unity.Multiplayer.Center.Tests.dll at Library/ScriptAssemblies/Unity.Multiplayer.Center.Tests.dll not valid. Loading of assembly skipped.
Assembly Unity.Nuget.Mono-Cecil.dll at Library/ScriptAssemblies/Unity.Nuget.Mono-Cecil.dll not valid. Loading of assembly skipped.
Assembly Unity.PathTracing.Editor.Tests.dll at Library/ScriptAssemblies/Unity.PathTracing.Editor.Tests.dll not valid. Loading of assembly skipped.
Assembly Unity.PathTracing.Runtime.Tests.dll at Library/ScriptAssemblies/Unity.PathTracing.Runtime.Tests.dll not valid. Loading of assembly skipped.
Assembly Unity.RenderPipelines.Core.Editor.Tests.dll at Library/ScriptAssemblies/Unity.RenderPipelines.Core.Editor.Tests.dll not valid. Loading of assembly skipped.
Assembly Unity.RenderPipelines.Core.Runtime.Tests.dll at Library/ScriptAssemblies/Unity.RenderPipelines.Core.Runtime.Tests.dll not valid. Loading of assembly skipped.
Assembly Unity.RenderPipelines.Universal.Config.Editor.Tests.dll at Library/ScriptAssemblies/Unity.RenderPipelines.Universal.Config.Editor.Tests.dll not valid. Loading of assembly skipped.
Assembly Unity.RenderPipelines.Universal.Editor.Tests.dll at Library/ScriptAssemblies/Unity.RenderPipelines.Universal.Editor.Tests.dll not valid. Loading of assembly skipped.
Assembly Unity.RenderPipelines.Universal.Runtime.Tests.dll at Library/ScriptAssemblies/Unity.RenderPipelines.Universal.Runtime.Tests.dll not valid. Loading of assembly skipped.
Assembly Unity.Searcher.EditorTests.dll at Library/ScriptAssemblies/Unity.Searcher.EditorTests.dll not valid. Loading of assembly skipped.
Assembly Unity.ShaderGraph.Editor.Tests.dll at Library/ScriptAssemblies/Unity.ShaderGraph.Editor.Tests.dll not valid. Loading of assembly skipped.
Assembly Unity.TextMeshPro.Editor.Tests.dll at Library/ScriptAssemblies/Unity.TextMeshPro.Editor.Tests.dll not valid. Loading of assembly skipped.
Assembly Unity.TextMeshPro.Tests.dll at Library/ScriptAssemblies/Unity.TextMeshPro.Tests.dll not valid. Loading of assembly skipped.
Assembly Unity.UnifiedRayTracing.Editor.Tests.dll at Library/ScriptAssemblies/Unity.UnifiedRayTracing.Editor.Tests.dll not valid. Loading of assembly skipped.
Assembly UnityEditor.UI.Common.Tests.dll at Library/ScriptAssemblies/UnityEditor.UI.Common.Tests.dll not valid. Loading of assembly skipped.
Assembly UnityEditor.UI.EditorTests.dll at Library/ScriptAssemblies/UnityEditor.UI.EditorTests.dll not valid. Loading of assembly skipped.
Assembly UnityEngine.UI.Tests.dll at Library/ScriptAssemblies/UnityEngine.UI.Tests.dll not valid. Loading of assembly skipped.
Refreshing native plugins compatible for Editor in 8.26 ms, found 4 plugins.
Native extension for Android target not found
Native extension for WindowsStandalone target not found
[Package Manager] Failed to launch server process. Reason: Unity was launched with the -noUpm command-line argument
[Package Manager] Unable to send message (not connected to server process).
[Package Manager] Cannot connect to Unity Package Manager local server
[Package Manager] Failed to launch server process. Reason: Unity was launched with the -noUpm command-line argument
[Package Manager] Unable to send message (not connected to server process).
[Package Manager] Cannot connect to Unity Package Manager local server
ScheduleIndexationOnStartup MainProcess:False IndexOnStartup:True
Mono: successfully reloaded assembly
- Finished resetting the current domain, in  6.327 seconds
Domain Reload Profiling: 12643ms
	BeginReloadAssembly (1421ms)
		DisableScriptedObjects (196ms)
		CreateAndSetChildDomain (115ms)
	RebuildCommonClasses (312ms)
	RebuildNativeTypeToScriptingClass (81ms)
	initialDomainReloadingComplete (504ms)
	LoadAllAssembliesAndSetupDomain (3996ms)
		LoadAssemblies (2368ms)
		AnalyzeDomain (2263ms)
			TypeCache.Refresh (1519ms)
				TypeCache.ScanAssembly (1451ms)
			BuildScriptInfoCaches (637ms)
			ResolveRequiredComponents (100ms)
	FinalizeReload (6328ms)
		SetupLoadedEditorAssemblies (0ms)
			InitializePlatformSupportModulesInManaged (38ms)
			BeforeProcessingInitializeOnLoad (1071ms)
			ProcessInitializeOnLoadAttributes (2363ms)
			ProcessInitializeOnLoadMethodAttributes (1974ms)
			AfterProcessingInitializeOnLoad (21ms)
		AwakeInstancesAfterBackupRestoration (62ms)
Launched and connected shader compiler UnityShaderCompiler.exe after 0.07 seconds
Refreshing native plugins compatible for Editor in 4.53 ms, found 4 plugins.
Unloading 24 Unused Serialized files (Serialized files now loaded: 0)
Unloading 7113 unused Assets / (6.0 MB). Loaded Objects now: 7967.
Memory consumption went from 163.4 MB to 157.4 MB.
Total: 26.594700 ms (FindLiveObjects: 1.340000 ms CreateObjectMapping: 2.612300 ms MarkObjects: 16.090000 ms  DeleteObjects: 6.546600 ms)

========================================================================
Received Import Request.
  Time since last request: 379.834661 seconds.
  path: Assets/Scripts/UI/Learning/LessonQuizUI.cs
  importAddress: Guid(a234567890abcdef1234567890abcdef) Importer(2089858483,b0f066a214c2f5e87bad3c948f4d605d)
Start importing Assets/Scripts/UI/Learning/LessonQuizUI.cs using Guid(a234567890abcdef1234567890abcdef) Importer(2089858483,b0f066a214c2f5e87bad3c948f4d605d) (ScriptedImporter) -> (Import Result ID: 'ec730853c45192312afc055045c8d1c3') in 0.2734376 seconds [static and dynamic dependencies]. Details - ImportResultOutputID=426fb4cbea6f8a9a060e1a97f75063d6 DependenciesID=3f2349584199a28ec06c5e81f43dddbe StaticDependenciesID=bab81b99375eecfd18b9d5b69b2e6536 
Number of updated asset objects reloaded before import = 0Number of asset objects unloaded after import = 0

========================================================================
Received Import Request.
  Time since last request: 0.000041 seconds.
  path: Assets/ScriptableObject/Event/Day07_WeeklyCheckpoint.asset
  importAddress: Guid(a207000000000000000000000000007a) Importer(2089858483,b0f066a214c2f5e87bad3c948f4d605d)
Start importing Assets/ScriptableObject/Event/Day07_WeeklyCheckpoint.asset using Guid(a207000000000000000000000000007a) Importer(2089858483,b0f066a214c2f5e87bad3c948f4d605d) (ScriptedImporter) -> (Import Result ID: '842f242c6e2cbcbe00e721b87a11f3bd') in 0.1355225 seconds [static and dynamic dependencies]. Details - ImportResultOutputID=9c0b8c0cd470c88131bc9c1326930946 DependenciesID=83b633152cdca5c8dcca37b6d4c05bd8 StaticDependenciesID=2cc501a6033e18075a8908ef74d65016 
Number of updated asset objects reloaded before import = 0Number of asset objects unloaded after import = 3

========================================================================
Received Import Request.
  Time since last request: 0.000050 seconds.
  path: Assets/DialogueData/Library/Blocker.asset
  importAddress: Guid(001c0830a2d2e4043ba347d0ace1a44d) Importer(2089858483,b0f066a214c2f5e87bad3c948f4d605d)
Start importing Assets/DialogueData/Library/Blocker.asset using Guid(001c0830a2d2e4043ba347d0ace1a44d) Importer(2089858483,b0f066a214c2f5e87bad3c948f4d605d) (ScriptedImporter) -> (Import Result ID: 'c225db569217275b0e73b56366acee7f') in 0.0391758 seconds [static and dynamic dependencies]. Details - ImportResultOutputID=8f0ddddb3c48228406dcf1993aed6406 DependenciesID=9264b210dcc1c8f39d39e63f9bf70cfe StaticDependenciesID=c8a87e3dcbda4fd9d275d44a31a8056f 
Number of updated asset objects reloaded before import = 0Number of asset objects unloaded after import = 1

========================================================================
Received Import Request.
  Time since last request: 0.000025 seconds.
  path: Assets/Quest/SidePilot/Side_D02_ChatLC.asset
  importAddress: Guid(ce0f021aa2e441e681a4d8a13fc844b2) Importer(2089858483,b0f066a214c2f5e87bad3c948f4d605d)
Start importing Assets/Quest/SidePilot/Side_D02_ChatLC.asset using Guid(ce0f021aa2e441e681a4d8a13fc844b2) Importer(2089858483,b0f066a214c2f5e87bad3c948f4d605d) (ScriptedImporter) -> (Import Result ID: '68786ba5ced035ae32a01090918c6776') in 0.0500155 seconds [static and dynamic dependencies]. Details - ImportResultOutputID=9d534fe77ba5454e0c143780139a2ca2 DependenciesID=eead70f08231a594e3639ec490ff4d3d StaticDependenciesID=345533384810ec23bb77b240a65789a5 
Number of updated asset objects reloaded before import = 0Number of asset objects unloaded after import = 1

========================================================================
Received Import Request.
  Time since last request: 0.000038 seconds.
  path: Assets/Scripts/Core/Events/StoryEventDefinition.cs
  importAddress: Guid(d83026543379f814498698917bec7b9e) Importer(2089858483,b0f066a214c2f5e87bad3c948f4d605d)
Start importing Assets/Scripts/Core/Events/StoryEventDefinition.cs using Guid(d83026543379f814498698917bec7b9e) Importer(2089858483,b0f066a214c2f5e87bad3c948f4d605d) (ScriptedImporter) -> (Import Result ID: '0d695341b368b19257ecc93a1b29f0be') in 0.0299513 seconds [static and dynamic dependencies]. Details - ImportResultOutputID=d8ac2494627f9efb24b644986541739d DependenciesID=d35de09a7cc0a2907263c2eecdc09f1d StaticDependenciesID=933814cbccdd3fa153b5b92c8f56292e 
Number of updated asset objects reloaded before import = 0Number of asset objects unloaded after import = 0

========================================================================
Received Import Request.
  Time since last request: 0.000061 seconds.
  path: Assets/UI/Dialogue/DialogueUI.cs
  importAddress: Guid(c26eec54bde90d9448078ebd3aadb400) Importer(2089858483,b0f066a214c2f5e87bad3c948f4d605d)
Start importing Assets/UI/Dialogue/DialogueUI.cs using Guid(c26eec54bde90d9448078ebd3aadb400) Importer(2089858483,b0f066a214c2f5e87bad3c948f4d605d) (ScriptedImporter) -> (Import Result ID: '6b7d24b23f919c52efd0a8f999c855fc') in 0.0270123 seconds [static and dynamic dependencies]. Details - ImportResultOutputID=c8531444ef529a33707d9d8aa48a343f DependenciesID=8db7a964147843c522ffd155f723473e StaticDependenciesID=044b9cc764a5c9f4ad1edc46e95190ef 
Number of updated asset objects reloaded before import = 0Number of asset objects unloaded after import = 0

========================================================================
Received Import Request.
  Time since last request: 0.000034 seconds.
  path: Assets/ScriptableObject/Event/Day02_ExploreTown.asset
  importAddress: Guid(a202000000000000000000000000002a) Importer(2089858483,b0f066a214c2f5e87bad3c948f4d605d)
Start importing Assets/ScriptableObject/Event/Day02_ExploreTown.asset using Guid(a202000000000000000000000000002a) Importer(2089858483,b0f066a214c2f5e87bad3c948f4d605d) (ScriptedImporter) -> (Import Result ID: 'dc0f13a266efd6c6a72732d8b429334e') in 0.083954 seconds [static and dynamic dependencies]. Details - ImportResultOutputID=8bfe0e5216bd5de5650180912de1641a DependenciesID=7fc2aa52ba34f7638ca5c403187e40f0 StaticDependenciesID=41f1ab65670087cdf928283ff7f14ae2 
Number of updated asset objects reloaded before import = 0Number of asset objects unloaded after import = 5

========================================================================
Received Import Request.
  Time since last request: 0.000029 seconds.
  path: Assets/Scripts/Interaction/InteractableObject/Dooe.cs
  importAddress: Guid(54638fe347626f546b83797e300f5651) Importer(2089858483,b0f066a214c2f5e87bad3c948f4d605d)
Start importing Assets/Scripts/Interaction/InteractableObject/Dooe.cs using Guid(54638fe347626f546b83797e300f5651) Importer(2089858483,b0f066a214c2f5e87bad3c948f4d605d) (ScriptedImporter) -> (Import Result ID: 'aacb39d1bbd48f846e4d1af6ad67a931') in 0.0302121 seconds [static and dynamic dependencies]. Details - ImportResultOutputID=0224418cebe3c51b52d4e2f5285d18e7 DependenciesID=34ea68a4af74347f3c0476d408a480be StaticDependenciesID=da5a8df84074f6326b22b0f064bd013d 
Number of updated asset objects reloaded before import = 0Number of asset objects unloaded after import = 0

========================================================================
Received Import Request.
  Time since last request: 0.000061 seconds.
  path: Assets/Scripts/Interaction/InteractableObject/ChoiceEventInteractable.cs
  importAddress: Guid(e234567890abcdef1234567890abcdef) Importer(2089858483,b0f066a214c2f5e87bad3c948f4d605d)
Start importing Assets/Scripts/Interaction/InteractableObject/ChoiceEventInteractable.cs using Guid(e234567890abcdef1234567890abcdef) Importer(2089858483,b0f066a214c2f5e87bad3c948f4d605d) (ScriptedImporter) -> (Import Result ID: 'd5d687060abf6878f7ea48aea1aadb10') in 0.0318484 seconds [static and dynamic dependencies]. Details - ImportResultOutputID=42e23f1de6fc86764998728cfecd233f DependenciesID=5955b6b5668970e889d2c583a09cefbb StaticDependenciesID=a49b32c4df8b40fc3f06e45defc7d53d 
Number of updated asset objects reloaded before import = 0Number of asset objects unloaded after import = 0

========================================================================
Received Import Request.
  Time since last request: 0.000027 seconds.
  path: Assets/ScriptableObject/Event/Day08_PrepareHardLesson.asset
  importAddress: Guid(a208000000000000000000000000008a) Importer(2089858483,b0f066a214c2f5e87bad3c948f4d605d)
Start importing Assets/ScriptableObject/Event/Day08_PrepareHardLesson.asset using Guid(a208000000000000000000000000008a) Importer(2089858483,b0f066a214c2f5e87bad3c948f4d605d) (ScriptedImporter) -> (Import Result ID: '95632e9a9e46fd85cf40388965396a85') in 0.0459493 seconds [static and dynamic dependencies]. Details - ImportResultOutputID=7c2aed10593a249605e4584002ba6b5e DependenciesID=c4977e2121390f23dd88e70c85afa99e StaticDependenciesID=9cd5819dd5742dda0cf971f6a8016224 
Number of updated asset objects reloaded before import = 0Number of asset objects unloaded after import = 3

========================================================================
Received Import Request.
  Time since last request: 0.000033 seconds.
  path: Assets/Quest/SidePilot/Side_D01_ChatShiba.asset
  importAddress: Guid(70823ccee7ba4e0a964bfe0e789f82c9) Importer(2089858483,b0f066a214c2f5e87bad3c948f4d605d)
Start importing Assets/Quest/SidePilot/Side_D01_ChatShiba.asset using Guid(70823ccee7ba4e0a964bfe0e789f82c9) Importer(2089858483,b0f066a214c2f5e87bad3c948f4d605d) (ScriptedImporter) -> (Import Result ID: 'b206723a844ce8bedf76fed97edc7ea2') in 0.0513036 seconds [static and dynamic dependencies]. Details - ImportResultOutputID=f92a53f78753fae4b0fec2b0edb89b58 DependenciesID=4b95ec9f04f76cad8cd5c6081cc3d6e0 StaticDependenciesID=282353993cd9b04b18da2b4cf925cd94 
Number of updated asset objects reloaded before import = 0Number of asset objects unloaded after import = 1

========================================================================
Received Import Request.
  Time since last request: 0.000039 seconds.
  path: Assets/Scripts/UI/Quest/QuestPanelUI.cs
  importAddress: Guid(e6416066d9132d843a82a86d1844de54) Importer(2089858483,b0f066a214c2f5e87bad3c948f4d605d)
Start importing Assets/Scripts/UI/Quest/QuestPanelUI.cs using Guid(e6416066d9132d843a82a86d1844de54) Importer(2089858483,b0f066a214c2f5e87bad3c948f4d605d) (ScriptedImporter) -> (Import Result ID: 'fa5ddb22823d21cdce4bf5e1b802f5aa') in 0.0337123 seconds [static and dynamic dependencies]. Details - ImportResultOutputID=a82fe78e017113bf9615b49f1fea3811 DependenciesID=15450219b7ab25bff17d93a0c830b5b5 StaticDependenciesID=4ad0583f23a85a91a634006a8243d3dd 
Number of updated asset objects reloaded before import = 0Number of asset objects unloaded after import = 0

========================================================================
Received Import Request.
  Time since last request: 0.000023 seconds.
  path: Assets/ScriptableObject/Event/Day06_FreeDay.asset
  importAddress: Guid(a206000000000000000000000000006a) Importer(2089858483,b0f066a214c2f5e87bad3c948f4d605d)
Start importing Assets/ScriptableObject/Event/Day06_FreeDay.asset using Guid(a206000000000000000000000000006a) Importer(2089858483,b0f066a214c2f5e87bad3c948f4d605d) (ScriptedImporter) -> (Import Result ID: 'c4aaa7759c16c81983bb11e06dfa522b') in 0.084197 seconds [static and dynamic dependencies]. Details - ImportResultOutputID=624f5b822ccc146cd6c7b194bf338aa8 DependenciesID=d8b861cb4317318ee1c59c7833877ce4 StaticDependenciesID=37a96d0c4e207dd5528d41fa760c781e 
Number of updated asset objects reloaded before import = 0Number of asset objects unloaded after import = 3

========================================================================
Received Import Request.
  Time since last request: 0.000048 seconds.
  path: Assets/ScriptableObject/Event/Day15_SemesterSummary.asset
  importAddress: Guid(a215000000000000000000000000015a) Importer(2089858483,b0f066a214c2f5e87bad3c948f4d605d)
Start importing Assets/ScriptableObject/Event/Day15_SemesterSummary.asset using Guid(a215000000000000000000000000015a) Importer(2089858483,b0f066a214c2f5e87bad3c948f4d605d) (ScriptedImporter) -> (Import Result ID: '7b56d8da96cdb0492c8bd5e72f7f53ac') in 0.1127585 seconds [static and dynamic dependencies]. Details - ImportResultOutputID=95733142a0a04fcff25298d3688593e6 DependenciesID=d4937ea20e3d9ca1072f94fcbb72688a StaticDependenciesID=c73ff41057060caa0c29d4b95a9cda2e 
Number of updated asset objects reloaded before import = 0Number of asset objects unloaded after import = 3

========================================================================
Received Import Request.
  Time since last request: 0.000084 seconds.
  path: Assets/Scripts/Core/Inventory/InventoryUI.cs
  importAddress: Guid(baba706fdba6d0f408f33c7fdb4b3ec9) Importer(2089858483,b0f066a214c2f5e87bad3c948f4d605d)
Start importing Assets/Scripts/Core/Inventory/InventoryUI.cs using Guid(baba706fdba6d0f408f33c7fdb4b3ec9) Importer(2089858483,b0f066a214c2f5e87bad3c948f4d605d) (ScriptedImporter) -> (Import Result ID: '0811bf8881ba8cf2279b0c80a68531a4') in 0.0415831 seconds [static and dynamic dependencies]. Details - ImportResultOutputID=3159225c89690eb04630f3d58dcde486 DependenciesID=03edf2e847470a08a698fc63787810d0 StaticDependenciesID=06f510925a1d26bcac087c9bf1382d9c 
Number of updated asset objects reloaded before import = 0Number of asset objects unloaded after import = 0

========================================================================
Received Import Request.
  Time since last request: 0.000252 seconds.
  path: Assets/Scripts/Core/Events/StoryEventManager.SavePersistence.cs
  importAddress: Guid(ed9b473556990b040a5b8b0d5c39b9bf) Importer(2089858483,b0f066a214c2f5e87bad3c948f4d605d)
Start importing Assets/Scripts/Core/Events/StoryEventManager.SavePersistence.cs using Guid(ed9b473556990b040a5b8b0d5c39b9bf) Importer(2089858483,b0f066a214c2f5e87bad3c948f4d605d) (ScriptedImporter) -> (Import Result ID: 'f130761bc62f3e2545f8768aad3a46a5') in 0.0346592 seconds [static and dynamic dependencies]. Details - ImportResultOutputID=63dd3c01293d829c52368c17cea2ef1f DependenciesID=ed7f40a3ee3ee4320b36c418adf3e44e StaticDependenciesID=3be67a1e2f523f6a6997d2523909c1cd 
Number of updated asset objects reloaded before import = 0Number of asset objects unloaded after import = 0

========================================================================
Received Import Request.
  Time since last request: 0.000056 seconds.
  path: Assets/ScriptableObject/Event/Day14_FinalExam.asset
  importAddress: Guid(a214000000000000000000000000014a) Importer(2089858483,b0f066a214c2f5e87bad3c948f4d605d)
Start importing Assets/ScriptableObject/Event/Day14_FinalExam.asset using Guid(a214000000000000000000000000014a) Importer(2089858483,b0f066a214c2f5e87bad3c948f4d605d) (ScriptedImporter) -> (Import Result ID: '061a524adfa578816b2113e285b7a088') in 0.1536164 seconds [static and dynamic dependencies]. Details - ImportResultOutputID=d7f827c415f8505a39187d3221b879fa DependenciesID=1d19af673180b6d63c7c2058b93d98c5 StaticDependenciesID=5759ab57c50c505c4676170a2c094d03 
Number of updated asset objects reloaded before import = 0Number of asset objects unloaded after import = 3

========================================================================
Received Import Request.
  Time since last request: 0.000040 seconds.
  path: Assets/DialogueData/MainClassroom/NhatNinh/NhatNinhFirstTime.asset
  importAddress: Guid(b6c7f3c749343764483c5ee73772f0cc) Importer(2089858483,b0f066a214c2f5e87bad3c948f4d605d)
Start importing Assets/DialogueData/MainClassroom/NhatNinh/NhatNinhFirstTime.asset using Guid(b6c7f3c749343764483c5ee73772f0cc) Importer(2089858483,b0f066a214c2f5e87bad3c948f4d605d) (ScriptedImporter) -> (Import Result ID: '72b225960ee88358d295da94170b6143') in 0.0542547 seconds [static and dynamic dependencies]. Details - ImportResultOutputID=33ce3d2e179d46de97ef0e307c868f34 DependenciesID=f7f021386f646ab217278f4f75fca93f StaticDependenciesID=46f4311f8377f00b7b783f0d0ae59175 
Number of updated asset objects reloaded before import = 0Number of asset objects unloaded after import = 1

========================================================================
Received Import Request.
  Time since last request: 0.000052 seconds.
  path: Assets/ScriptableObject/Event/Day03_HomeworkDay.asset
  importAddress: Guid(a203000000000000000000000000003a) Importer(2089858483,b0f066a214c2f5e87bad3c948f4d605d)
Start importing Assets/ScriptableObject/Event/Day03_HomeworkDay.asset using Guid(a203000000000000000000000000003a) Importer(2089858483,b0f066a214c2f5e87bad3c948f4d605d) (ScriptedImporter) -> (Import Result ID: '6a3dc1e5d04952d4b982a9c9bbe32246') in 0.0559993 seconds [static and dynamic dependencies]. Details - ImportResultOutputID=aab49deb013f80e073c432b878853c9c DependenciesID=abfc7984075787142a19cdf64abe9680 StaticDependenciesID=be66d92055f3faf7cd5524951fc802af 
Number of updated asset objects reloaded before import = 0Number of asset objects unloaded after import = 3

========================================================================
Received Import Request.
  Time since last request: 0.000035 seconds.
  path: Assets/Scripts/UI/Quest/QuestUiLocalization.cs
  importAddress: Guid(d4f8e2a91b7c4509a83d61f2ecc40b71) Importer(2089858483,b0f066a214c2f5e87bad3c948f4d605d)
Start importing Assets/Scripts/UI/Quest/QuestUiLocalization.cs using Guid(d4f8e2a91b7c4509a83d61f2ecc40b71) Importer(2089858483,b0f066a214c2f5e87bad3c948f4d605d) (ScriptedImporter) -> (Import Result ID: 'c22257914a8c2ffa9fd0f314bae0c403') in 0.1084495 seconds [static and dynamic dependencies]. Details - ImportResultOutputID=9fb083c84aa94cedb88860bdc9083ea5 DependenciesID=849633798a980a87029775855e2baeaf StaticDependenciesID=0656072b9f7a05f0811bc4669a27518b 
Number of updated asset objects reloaded before import = 0Number of asset objects unloaded after import = 0

========================================================================
Received Import Request.
  Time since last request: 0.000046 seconds.
  path: Assets/Scripts/Interaction/InteractableObject/EventObjectiveInteractable.cs
  importAddress: Guid(4334002ec21cde843a16a1feb5c57014) Importer(2089858483,b0f066a214c2f5e87bad3c948f4d605d)
Start importing Assets/Scripts/Interaction/InteractableObject/EventObjectiveInteractable.cs using Guid(4334002ec21cde843a16a1feb5c57014) Importer(2089858483,b0f066a214c2f5e87bad3c948f4d605d) (ScriptedImporter) -> (Import Result ID: '258b5d3e8073f42a8d83425b37bb7913') in 0.0400208 seconds [static and dynamic dependencies]. Details - ImportResultOutputID=e9a253b21591e6723ea1fdffed535cc7 DependenciesID=76873df585ab2f2176995402dabfad1c StaticDependenciesID=a7c6c495d6a910e570a8e0bf05b74dff 
Number of updated asset objects reloaded before import = 0Number of asset objects unloaded after import = 0

========================================================================
Received Import Request.
  Time since last request: 0.000031 seconds.
  path: Assets/Scripts/UI/Events/StoryEventProgressUI.cs
  importAddress: Guid(91bb6547f5ceebb41903403ccb9e1d07) Importer(2089858483,b0f066a214c2f5e87bad3c948f4d605d)
Start importing Assets/Scripts/UI/Events/StoryEventProgressUI.cs using Guid(91bb6547f5ceebb41903403ccb9e1d07) Importer(2089858483,b0f066a214c2f5e87bad3c948f4d605d) (ScriptedImporter) -> (Import Result ID: '0008dddd6db27656fd79d73f1d99ee80') in 0.037041 seconds [static and dynamic dependencies]. Details - ImportResultOutputID=3ff4b61bf96cdacd1bc8ea706a0abaa5 DependenciesID=960426c4d547d251db6315934e27b3e8 StaticDependenciesID=65a0d3ccb461912f55e0871fd1d0932b 
Number of updated asset objects reloaded before import = 0Number of asset objects unloaded after import = 0

========================================================================
Received Import Request.
  Time since last request: 0.000035 seconds.
  path: Assets/Scripts/Core/Phone/PhoneSystem.cs
  importAddress: Guid(3234567890abcdef1234567890abcdef) Importer(2089858483,b0f066a214c2f5e87bad3c948f4d605d)
Start importing Assets/Scripts/Core/Phone/PhoneSystem.cs using Guid(3234567890abcdef1234567890abcdef) Importer(2089858483,b0f066a214c2f5e87bad3c948f4d605d) (ScriptedImporter) -> (Import Result ID: 'bcedd74f59262821e31bf4110ee31d90') in 0.0341737 seconds [static and dynamic dependencies]. Details - ImportResultOutputID=cf1d4a688f1989f3c222bad1070c4c00 DependenciesID=74afcc1e98c6918cf855881ce8f24f4b StaticDependenciesID=f4337f7ffadab0ee84738706f6a48bd2 
Number of updated asset objects reloaded before import = 0Number of asset objects unloaded after import = 0

========================================================================
Received Import Request.
  Time since last request: 0.000049 seconds.
  path: Assets/Scripts/UI/HUD/HUDUI.cs
  importAddress: Guid(a613d5c9fc721b942b29675d3e552498) Importer(2089858483,b0f066a214c2f5e87bad3c948f4d605d)
Start importing Assets/Scripts/UI/HUD/HUDUI.cs using Guid(a613d5c9fc721b942b29675d3e552498) Importer(2089858483,b0f066a214c2f5e87bad3c948f4d605d) (ScriptedImporter) -> (Import Result ID: 'c9276de89bf7a92a2fd8824b82ebdd61') in 0.0209811 seconds [static and dynamic dependencies]. Details - ImportResultOutputID=9189981ff83345b55326b6357537919a DependenciesID=1b86dae421fb210d222acc747e717857 StaticDependenciesID=00659f737d1e6d62f0e138cabd3bf320 
Number of updated asset objects reloaded before import = 0Number of asset objects unloaded after import = 0

========================================================================
Received Import Request.
  Time since last request: 0.000027 seconds.
  path: Assets/Scripts/Core/Save/GameSaveModels.cs
  importAddress: Guid(0faa4fd7896c2e94aaa9b1325739eba0) Importer(2089858483,b0f066a214c2f5e87bad3c948f4d605d)
Start importing Assets/Scripts/Core/Save/GameSaveModels.cs using Guid(0faa4fd7896c2e94aaa9b1325739eba0) Importer(2089858483,b0f066a214c2f5e87bad3c948f4d605d) (ScriptedImporter) -> (Import Result ID: 'fa42e9a9b007c84edf9bcc4a275f1e86') in 0.0269869 seconds [static and dynamic dependencies]. Details - ImportResultOutputID=bb0fdfaca2d2e922e7d589a80ca9f6d8 DependenciesID=a0e59f636a88443afc705f430b7d0bb0 StaticDependenciesID=397c45e936a4f474af4a14182104e7e5 
Number of updated asset objects reloaded before import = 0Number of asset objects unloaded after import = 0

========================================================================
Received Import Request.
  Time since last request: 0.000037 seconds.
  path: Assets/Scripts/Core/Learning/LessonQuizData.cs
  importAddress: Guid(7234567890abcdef1234567890abcdef) Importer(2089858483,b0f066a214c2f5e87bad3c948f4d605d)
Start importing Assets/Scripts/Core/Learning/LessonQuizData.cs using Guid(7234567890abcdef1234567890abcdef) Importer(2089858483,b0f066a214c2f5e87bad3c948f4d605d) (ScriptedImporter) -> (Import Result ID: '394e224464eb893a20a8c979ee214cb1') in 0.028132 seconds [static and dynamic dependencies]. Details - ImportResultOutputID=e08d74e66a35a41a3155d059d72b2c84 DependenciesID=54dec826b46baecef97f25546595e236 StaticDependenciesID=1eb66e96ba5e920af08811e37f9bfbff 
Number of updated asset objects reloaded before import = 0Number of asset objects unloaded after import = 0

========================================================================
Received Import Request.
  Time since last request: 0.000049 seconds.
  path: Assets/ScriptableObject/Event/Day11_Recovery.asset
  importAddress: Guid(a211000000000000000000000000011a) Importer(2089858483,b0f066a214c2f5e87bad3c948f4d605d)
Start importing Assets/ScriptableObject/Event/Day11_Recovery.asset using Guid(a211000000000000000000000000011a) Importer(2089858483,b0f066a214c2f5e87bad3c948f4d605d) (ScriptedImporter) -> (Import Result ID: '894ed6422b3633e4abd6a9de145f0d47') in 0.0590513 seconds [static and dynamic dependencies]. Details - ImportResultOutputID=348b51c761d1fd3577b52b3b8c13ac61 DependenciesID=6f31a1b5325f5909da75befe0fd913c2 StaticDependenciesID=37bcc5c75dcfe10f80fcb99255fc992f 
Number of updated asset objects reloaded before import = 0Number of asset objects unloaded after import = 3

========================================================================
Received Import Request.
  Time since last request: 0.000053 seconds.
  path: Assets/DialogueData/MainClassroom/LeToanThang/Default.asset
  importAddress: Guid(dcaa7d2a4cbd6b540939746e8a3b3992) Importer(2089858483,b0f066a214c2f5e87bad3c948f4d605d)
Start importing Assets/DialogueData/MainClassroom/LeToanThang/Default.asset using Guid(dcaa7d2a4cbd6b540939746e8a3b3992) Importer(2089858483,b0f066a214c2f5e87bad3c948f4d605d) (ScriptedImporter) -> (Import Result ID: '1feccf520fc97e589440536eed34ab24') in 0.0333162 seconds [static and dynamic dependencies]. Details - ImportResultOutputID=e2aed347a1845426a2a4d527a8802500 DependenciesID=3010c51ffc73b3d8401b24e2ba8b2f3a StaticDependenciesID=def8adb8ed26c13a5384ef9ede5897fe 
Number of updated asset objects reloaded before import = 0Number of asset objects unloaded after import = 1

========================================================================
Received Import Request.
  Time since last request: 0.000050 seconds.
  path: Assets/Quest/SidePilot/Side_D01_ChatThayBa.asset
  importAddress: Guid(b9b3237affcc49f385140ff1c6722393) Importer(2089858483,b0f066a214c2f5e87bad3c948f4d605d)
Start importing Assets/Quest/SidePilot/Side_D01_ChatThayBa.asset using Guid(b9b3237affcc49f385140ff1c6722393) Importer(2089858483,b0f066a214c2f5e87bad3c948f4d605d) (ScriptedImporter) -> (Import Result ID: '5f2e84d83cbab268b4cf9f4dc25fd622') in 0.0367725 seconds [static and dynamic dependencies]. Details - ImportResultOutputID=e4032c96ce1b25540fa9099fe6902c35 DependenciesID=f520b575dc397eb38578c5ada34ed5ef StaticDependenciesID=133e78e9b70c213f1fbfdb10d8151bf8 
Number of updated asset objects reloaded before import = 0Number of asset objects unloaded after import = 1

========================================================================
Received Import Request.
  Time since last request: 0.000039 seconds.
  path: Assets/Scripts/Interaction/InteractableObject/NPC.cs
  importAddress: Guid(0694ac945251ffc4da822a5e8d8964f0) Importer(2089858483,b0f066a214c2f5e87bad3c948f4d605d)
Start importing Assets/Scripts/Interaction/InteractableObject/NPC.cs using Guid(0694ac945251ffc4da822a5e8d8964f0) Importer(2089858483,b0f066a214c2f5e87bad3c948f4d605d) (ScriptedImporter) -> (Import Result ID: 'b311aa506130751b378f1af255691a96') in 0.0581408 seconds [static and dynamic dependencies]. Details - ImportResultOutputID=24b2e5dd0a5dc1b4301752cacda87c5d DependenciesID=0df59fa5ce71a22ced3614aba1b1314d StaticDependenciesID=9c4e1a77c7b8910fcef5d0086c1b6248 
Number of updated asset objects reloaded before import = 0Number of asset objects unloaded after import = 0

========================================================================
Received Import Request.
  Time since last request: 0.000048 seconds.
  path: Assets/DialogueData/Quest/Day1/AttendClass/Complete.asset
  importAddress: Guid(9a20af2ddde61684b9bbda24295a39c4) Importer(2089858483,b0f066a214c2f5e87bad3c948f4d605d)
Start importing Assets/DialogueData/Quest/Day1/AttendClass/Complete.asset using Guid(9a20af2ddde61684b9bbda24295a39c4) Importer(2089858483,b0f066a214c2f5e87bad3c948f4d605d) (ScriptedImporter) -> (Import Result ID: '3d13ae3645908e3729c864496ce812fe') in 0.0412243 seconds [static and dynamic dependencies]. Details - ImportResultOutputID=de9dc7a75cbf5c9114f7352f01ed3862 DependenciesID=2fae86fee105e8bad5ef01f7acc55033 StaticDependenciesID=b1dc86ada6d32dc7b2d9a00ac2644435 
Number of updated asset objects reloaded before import = 0Number of asset objects unloaded after import = 1

========================================================================
Received Import Request.
  Time since last request: 0.000038 seconds.
  path: Assets/ScriptableObject/Event/Day13_StudyFinalPrep.asset
  importAddress: Guid(a213000000000000000000000000013a) Importer(2089858483,b0f066a214c2f5e87bad3c948f4d605d)
Start importing Assets/ScriptableObject/Event/Day13_StudyFinalPrep.asset using Guid(a213000000000000000000000000013a) Importer(2089858483,b0f066a214c2f5e87bad3c948f4d605d) (ScriptedImporter) -> (Import Result ID: '743aa798c11a6a3453e4fceca3f7a6f2') in 0.071519 seconds [static and dynamic dependencies]. Details - ImportResultOutputID=c8b2de3185eeca3af991dc74bef9c59a DependenciesID=f96832efe2963c536e9270e1aef74c97 StaticDependenciesID=d98ac2ad8ce0a7b98b8e385d307c7ce6 
Number of updated asset objects reloaded before import = 0Number of asset objects unloaded after import = 3

========================================================================
Received Import Request.
  Time since last request: 0.000047 seconds.
  path: Assets/ScriptableObject/Event/Day09_SocialRiskEvent.asset
  importAddress: Guid(a209000000000000000000000000009a) Importer(2089858483,b0f066a214c2f5e87bad3c948f4d605d)
Start importing Assets/ScriptableObject/Event/Day09_SocialRiskEvent.asset using Guid(a209000000000000000000000000009a) Importer(2089858483,b0f066a214c2f5e87bad3c948f4d605d) (ScriptedImporter) -> (Import Result ID: '691c6276233e61ec9a1f00cace544813') in 0.0643799 seconds [static and dynamic dependencies]. Details - ImportResultOutputID=e637d96ecb805fc171442b09b16b4341 DependenciesID=f619423a9974287da0118427e5a0e76e StaticDependenciesID=9eb1d1d293496aa4d21662fc4b44ee20 
Number of updated asset objects reloaded before import = 0Number of asset objects unloaded after import = 3

========================================================================
Received Import Request.
  Time since last request: 0.000028 seconds.
  path: Assets/DialogueData/WorldNPCs/Dia_Classmate_GPA.asset
  importAddress: Guid(a91ec0a1a91ec0a1a91ec0a1a91ec0a1) Importer(2089858483,b0f066a214c2f5e87bad3c948f4d605d)
Start importing Assets/DialogueData/WorldNPCs/Dia_Classmate_GPA.asset using Guid(a91ec0a1a91ec0a1a91ec0a1a91ec0a1) Importer(2089858483,b0f066a214c2f5e87bad3c948f4d605d) (ScriptedImporter) -> (Import Result ID: 'c16b0f597a4d9f3c1b2047070cd3d880') in 0.0625391 seconds [static and dynamic dependencies]. Details - ImportResultOutputID=8dd6fd271d5758ba8d08c66e14f2e9a7 DependenciesID=0c15ca4e48ea4579a82d31aa17b8304a StaticDependenciesID=77dbba16b679d2dc49c96106b9d1cc1b 
Number of updated asset objects reloaded before import = 0Number of asset objects unloaded after import = 1

========================================================================
Received Import Request.
  Time since last request: 0.000052 seconds.
  path: Assets/ScriptableObject/Event/Day1_GoToSchool.asset
  importAddress: Guid(7be145b14caf86a4899f0a2803919a2d) Importer(2089858483,b0f066a214c2f5e87bad3c948f4d605d)
Start importing Assets/ScriptableObject/Event/Day1_GoToSchool.asset using Guid(7be145b14caf86a4899f0a2803919a2d) Importer(2089858483,b0f066a214c2f5e87bad3c948f4d605d) (ScriptedImporter) -> (Import Result ID: '8dc1302ef89bce9722970e02cdd5dd0b') in 0.1079119 seconds [static and dynamic dependencies]. Details - ImportResultOutputID=f2eeebd5f964726dbe1809dabaae3e38 DependenciesID=6059fc4ff4ee22abe114a53ae178fde1 StaticDependenciesID=41587d006f32d00fbcd760dec5ebde3f 
Number of updated asset objects reloaded before import = 0Number of asset objects unloaded after import = 7

========================================================================
Received Import Request.
  Time since last request: 0.000040 seconds.
  path: Assets/ScriptableObject/Event/Day12_PrepareFinal.asset
  importAddress: Guid(a212000000000000000000000000012a) Importer(2089858483,b0f066a214c2f5e87bad3c948f4d605d)
Start importing Assets/ScriptableObject/Event/Day12_PrepareFinal.asset using Guid(a212000000000000000000000000012a) Importer(2089858483,b0f066a214c2f5e87bad3c948f4d605d) (ScriptedImporter) -> (Import Result ID: 'ea77f80c5a3c146a644f947fbc55ff19') in 0.0463362 seconds [static and dynamic dependencies]. Details - ImportResultOutputID=347719d4fa953f4cf36503b53d218ddd DependenciesID=fd649ed19b0abd60163702f470485925 StaticDependenciesID=0ee6e9fe90b44be18dd087e1844c8f3b 
Number of updated asset objects reloaded before import = 0Number of asset objects unloaded after import = 3

========================================================================
Received Import Request.
  Time since last request: 0.000056 seconds.
  path: Assets/DialogueData/WorldNPCs/ThayGiao3/ThayGiaoBaFirstTime.asset
  importAddress: Guid(7f77b1742cc0ba84598cce19db1c3402) Importer(2089858483,b0f066a214c2f5e87bad3c948f4d605d)
Start importing Assets/DialogueData/WorldNPCs/ThayGiao3/ThayGiaoBaFirstTime.asset using Guid(7f77b1742cc0ba84598cce19db1c3402) Importer(2089858483,b0f066a214c2f5e87bad3c948f4d605d) (ScriptedImporter) -> (Import Result ID: 'cbb42a18ccd36dea6f4144396e0ed127') in 0.0521003 seconds [static and dynamic dependencies]. Details - ImportResultOutputID=0594494b83648e57f2b48166e3c87663 DependenciesID=f70aaedb14550b78396e82dc074aa992 StaticDependenciesID=5484abead0c978953db03f016c3d17ef 
Number of updated asset objects reloaded before import = 0Number of asset objects unloaded after import = 1

========================================================================
Received Import Request.
  Time since last request: 0.000038 seconds.
  path: Assets/Quest/StartQuest.asset
  importAddress: Guid(c0312486a49b38440ab2e1bd0dd66337) Importer(2089858483,b0f066a214c2f5e87bad3c948f4d605d)
Start importing Assets/Quest/StartQuest.asset using Guid(c0312486a49b38440ab2e1bd0dd66337) Importer(2089858483,b0f066a214c2f5e87bad3c948f4d605d) (ScriptedImporter) -> (Import Result ID: '5217f6f00b605f6b5dddc621cbb87727') in 0.0398016 seconds [static and dynamic dependencies]. Details - ImportResultOutputID=416dbb1dde59476f539cc5ca019a5a45 DependenciesID=c54046e95519de00c152cdec3d36c6b0 StaticDependenciesID=0971dfb4e0de09995345d6e068179ce0 
Number of updated asset objects reloaded before import = 0Number of asset objects unloaded after import = 1

========================================================================
Received Import Request.
  Time since last request: 0.000056 seconds.
  path: Assets/ScriptableObject/Event/Day04_FriendQuest.asset
  importAddress: Guid(a204000000000000000000000000004a) Importer(2089858483,b0f066a214c2f5e87bad3c948f4d605d)
Start importing Assets/ScriptableObject/Event/Day04_FriendQuest.asset using Guid(a204000000000000000000000000004a) Importer(2089858483,b0f066a214c2f5e87bad3c948f4d605d) (ScriptedImporter) -> (Import Result ID: 'd868fde38095ce98aa597345f7bfb197') in 0.0770885 seconds [static and dynamic dependencies]. Details - ImportResultOutputID=e979b7b931c172bfea6f99571e0a41a5 DependenciesID=b0c0daf704e79f41868600f7932911dc StaticDependenciesID=787e42afda326a9557571892c48cc9bb 
Number of updated asset objects reloaded before import = 0Number of asset objects unloaded after import = 3

========================================================================
Received Import Request.
  Time since last request: 0.000038 seconds.
  path: Assets/DialogueData/MainClassroom/LeToanThang/LTTQuestAccept.asset
  importAddress: Guid(f59cc1efbfa9a3d4e9accfab0d5694c9) Importer(2089858483,b0f066a214c2f5e87bad3c948f4d605d)
Start importing Assets/DialogueData/MainClassroom/LeToanThang/LTTQuestAccept.asset using Guid(f59cc1efbfa9a3d4e9accfab0d5694c9) Importer(2089858483,b0f066a214c2f5e87bad3c948f4d605d) (ScriptedImporter) -> (Import Result ID: 'c67f318dfa97af448924f186a5926d82') in 0.0506072 seconds [static and dynamic dependencies]. Details - ImportResultOutputID=3b0f38361775ab7db90ea971d0967a0f DependenciesID=47ccf3ee477d79c0cef2e68f0dc18fcc StaticDependenciesID=47037e40a67ffaa22b471bdbefb53769 
Number of updated asset objects reloaded before import = 0Number of asset objects unloaded after import = 4

========================================================================
Received Import Request.
  Time since last request: 0.000049 seconds.
  path: Assets/Quest/SidePilot/SIDE_QUEST_ROSTER.txt
  importAddress: Guid(2e2cabf7073533446b2d5a0afa862d6f) Importer(2089858483,b0f066a214c2f5e87bad3c948f4d605d)
Start importing Assets/Quest/SidePilot/SIDE_QUEST_ROSTER.txt using Guid(2e2cabf7073533446b2d5a0afa862d6f) Importer(2089858483,b0f066a214c2f5e87bad3c948f4d605d) (ScriptedImporter) -> (Import Result ID: '03218e78d4b31936894ef8c43c568de1') in 0.0578838 seconds [static and dynamic dependencies]. Details - ImportResultOutputID=b1b72e79b07efd88628096311ff332a2 DependenciesID=95f6d3332257ed0da6446d5ebd772787 StaticDependenciesID=8d2f91ec6c46edd3732fa6757af7c2fb 
Number of updated asset objects reloaded before import = 0Number of asset objects unloaded after import = 1

========================================================================
Received Import Request.
  Time since last request: 0.000031 seconds.
  path: Assets/Scripts/Interaction/InteractableObject/ShopInteractable.cs
  importAddress: Guid(82b6f4d7bd71244488d2bb3c7f606de1) Importer(2089858483,b0f066a214c2f5e87bad3c948f4d605d)
Start importing Assets/Scripts/Interaction/InteractableObject/ShopInteractable.cs using Guid(82b6f4d7bd71244488d2bb3c7f606de1) Importer(2089858483,b0f066a214c2f5e87bad3c948f4d605d) (ScriptedImporter) -> (Import Result ID: '0e0889791dcb449ee5df37dd7609f4d4') in 0.0389107 seconds [static and dynamic dependencies]. Details - ImportResultOutputID=576e47d25492f802138e31e6e9d71438 DependenciesID=0d75dbaac9a79da86559d8209e743566 StaticDependenciesID=789eee30915d31e603a95651b2195686 
Number of updated asset objects reloaded before import = 0Number of asset objects unloaded after import = 0

========================================================================
Received Import Request.
  Time since last request: 0.000047 seconds.
  path: Assets/DialogueData/MainClassroom/LeToanThang/LTTStart.asset
  importAddress: Guid(cdbd9c57ce1d18a49b40c3739b8062a9) Importer(2089858483,b0f066a214c2f5e87bad3c948f4d605d)
Start importing Assets/DialogueData/MainClassroom/LeToanThang/LTTStart.asset using Guid(cdbd9c57ce1d18a49b40c3739b8062a9) Importer(2089858483,b0f066a214c2f5e87bad3c948f4d605d) (ScriptedImporter) -> (Import Result ID: 'd8000fd01b6353ce4c5f8f1252ee03cc') in 0.0400721 seconds [static and dynamic dependencies]. Details - ImportResultOutputID=a33ba44675da407da5b94cea03c30736 DependenciesID=008955b50a5c3945b54c00957ab7ca19 StaticDependenciesID=f4274b9a2d0221db3eeb96022bbe735b 
Number of updated asset objects reloaded before import = 0Number of asset objects unloaded after import = 1

========================================================================
Received Import Request.
  Time since last request: 0.000027 seconds.
  path: Assets/Scripts/Interaction/InteractableObject/BedSleepInteractable.cs
  importAddress: Guid(72d30b5d184cfb34da9a8a61a27f474f) Importer(2089858483,b0f066a214c2f5e87bad3c948f4d605d)
Start importing Assets/Scripts/Interaction/InteractableObject/BedSleepInteractable.cs using Guid(72d30b5d184cfb34da9a8a61a27f474f) Importer(2089858483,b0f066a214c2f5e87bad3c948f4d605d) (ScriptedImporter) -> (Import Result ID: '904e424923b12cfcdad4d7b513d2a4e7') in 0.0243971 seconds [static and dynamic dependencies]. Details - ImportResultOutputID=adb6af743cae2f28d565e65900c57371 DependenciesID=35a4cd1f67c2781c601958a655072dfc StaticDependenciesID=2370891ef86f32488e6e3a2c4087c307 
Number of updated asset objects reloaded before import = 0Number of asset objects unloaded after import = 0

========================================================================
Received Import Request.
  Time since last request: 0.000034 seconds.
  path: Assets/Scripts/Interaction/InteractableObject/EventObjectiveTrigger2D.cs
  importAddress: Guid(51e6493951ab16e42bc93444c80c8ca3) Importer(2089858483,b0f066a214c2f5e87bad3c948f4d605d)
Start importing Assets/Scripts/Interaction/InteractableObject/EventObjectiveTrigger2D.cs using Guid(51e6493951ab16e42bc93444c80c8ca3) Importer(2089858483,b0f066a214c2f5e87bad3c948f4d605d) (ScriptedImporter) -> (Import Result ID: '4da03c1df6306f434fd31a05ecb78287') in 0.0335718 seconds [static and dynamic dependencies]. Details - ImportResultOutputID=c1e41a858348d65453a5dacda1cb06ed DependenciesID=6a3f5020fc328fcf4b79e9a9c52573f9 StaticDependenciesID=185fd0e012feb23501a9fb39f666b0d0 
Number of updated asset objects reloaded before import = 0Number of asset objects unloaded after import = 0

========================================================================
Received Import Request.
  Time since last request: 0.000046 seconds.
  path: Assets/DialogueData/MainClassroom/MainClass.asset
  importAddress: Guid(68d82200d293cfc4f9f96713ae132c67) Importer(2089858483,b0f066a214c2f5e87bad3c948f4d605d)
Start importing Assets/DialogueData/MainClassroom/MainClass.asset using Guid(68d82200d293cfc4f9f96713ae132c67) Importer(2089858483,b0f066a214c2f5e87bad3c948f4d605d) (ScriptedImporter) -> (Import Result ID: '6d02589d3d163b13c2e4d220a88c3e88') in 0.0556256 seconds [static and dynamic dependencies]. Details - ImportResultOutputID=2f40d347760a874737d1f21185950501 DependenciesID=eebde381151929864656b1cd375d04b0 StaticDependenciesID=6672af73957a29a4201c76cf639f7624 
Number of updated asset objects reloaded before import = 0Number of asset objects unloaded after import = 1

========================================================================
Received Import Request.
  Time since last request: 0.000035 seconds.
  path: Assets/DialogueData/MainClassroom/LeToanThang/TurnIn.asset
  importAddress: Guid(099561ab4d394c3429ecb908d83c6fdf) Importer(2089858483,b0f066a214c2f5e87bad3c948f4d605d)
Start importing Assets/DialogueData/MainClassroom/LeToanThang/TurnIn.asset using Guid(099561ab4d394c3429ecb908d83c6fdf) Importer(2089858483,b0f066a214c2f5e87bad3c948f4d605d) (ScriptedImporter) -> (Import Result ID: '4090845059b2933fb4b81d4e33739026') in 0.0378267 seconds [static and dynamic dependencies]. Details - ImportResultOutputID=7a3db7914140ee390ac72c32397eb5d1 DependenciesID=a233edacdd99033808e2ed180698eb93 StaticDependenciesID=d89baa2bfe936c839855ffcf6cca8c79 
Number of updated asset objects reloaded before import = 0Number of asset objects unloaded after import = 4

========================================================================
Received Import Request.
  Time since last request: 0.000048 seconds.
  path: Assets/DialogueData/MainClassroom/Teacher/TeacherComputerEmpty.asset
  importAddress: Guid(20b1151cc56480943ac9bc88e68783e4) Importer(2089858483,b0f066a214c2f5e87bad3c948f4d605d)
Start importing Assets/DialogueData/MainClassroom/Teacher/TeacherComputerEmpty.asset using Guid(20b1151cc56480943ac9bc88e68783e4) Importer(2089858483,b0f066a214c2f5e87bad3c948f4d605d) (ScriptedImporter) -> (Import Result ID: '4d9c4bbf8c5772b6c79817e6d216d911') in 0.0309592 seconds [static and dynamic dependencies]. Details - ImportResultOutputID=9e0e07c3686feff522a3eabb543f8b2a DependenciesID=0062cb192c95724da2acef1e726fecb0 StaticDependenciesID=582403aeb83e1c52c7041bb55b50332e 
Number of updated asset objects reloaded before import = 0Number of asset objects unloaded after import = 1

========================================================================
Received Import Request.
  Time since last request: 0.000027 seconds.
  path: Assets/Scripts/Core/Semester/SemesterProgressManager.cs
  importAddress: Guid(c3d4e5f60718293a4b5c6d7e8f01a2b3) Importer(2089858483,b0f066a214c2f5e87bad3c948f4d605d)
Start importing Assets/Scripts/Core/Semester/SemesterProgressManager.cs using Guid(c3d4e5f60718293a4b5c6d7e8f01a2b3) Importer(2089858483,b0f066a214c2f5e87bad3c948f4d605d) (ScriptedImporter) -> (Import Result ID: '3a9d630b28dd67832fca1f34bf778d14') in 0.040121 seconds [static and dynamic dependencies]. Details - ImportResultOutputID=815f11aa358c2051c3d47040789033dd DependenciesID=5c20d594d2d624016dafc65d141011c1 StaticDependenciesID=c39c991940bbf4e9323aa49e44d18a94 
Number of updated asset objects reloaded before import = 0Number of asset objects unloaded after import = 0

========================================================================
Received Import Request.
  Time since last request: 59.609925 seconds.
  path: Assets/Scenes/21_SchoolArea.unity
  importAddress: Guid(8c9cfa26abfee488c85f1582747f6a02) Importer(2089858483,b0f066a214c2f5e87bad3c948f4d605d)
Start importing Assets/Scenes/21_SchoolArea.unity using Guid(8c9cfa26abfee488c85f1582747f6a02) Importer(2089858483,b0f066a214c2f5e87bad3c948f4d605d) (ScriptedImporter) -> (Import Result ID: '58314f4339a1ffa99aad0811026c9622') in 0.6245777 seconds [static and dynamic dependencies]. Details - ImportResultOutputID=00c82d6a26fbb3fb579c49d56f370fc6 DependenciesID=de396ad756cc25b9edb1b749de22eaf7 StaticDependenciesID=60df41399a3cf9888bf6c21725454ac2 
Number of updated asset objects reloaded before import = 0Number of asset objects unloaded after import = 1

========================================================================
Received Prepare
Begin MonoManager ReloadAssembly
[Licensing::Client] Successfully resolved entitlement details
Assembly Assembly-CSharp-Editor-firstpass.dll at Library/ScriptAssemblies/Assembly-CSharp-Editor-firstpass.dll not valid. Loading of assembly skipped.
Assembly Assembly-CSharp-firstpass.dll at Library/ScriptAssemblies/Assembly-CSharp-firstpass.dll not valid. Loading of assembly skipped.
Assembly DocCodeExamples.dll at Library/ScriptAssemblies/DocCodeExamples.dll not valid. Loading of assembly skipped.
Assembly TestNewCustomAssembly.dll at Library/ScriptAssemblies/TestNewCustomAssembly.dll not valid. Loading of assembly skipped.
Assembly Unity.2D.Animation.EditorTests.dll at Library/ScriptAssemblies/Unity.2D.Animation.EditorTests.dll not valid. Loading of assembly skipped.
Assembly Unity.2D.Aseprite.EditorTests.dll at Library/ScriptAssemblies/Unity.2D.Aseprite.EditorTests.dll not valid. Loading of assembly skipped.
Assembly Unity.2D.Common.EditorTests.dll at Library/ScriptAssemblies/Unity.2D.Common.EditorTests.dll not valid. Loading of assembly skipped.
Assembly Unity.2D.Psdimporter.EditorTests.dll at Library/ScriptAssemblies/Unity.2D.Psdimporter.EditorTests.dll not valid. Loading of assembly skipped.
Assembly Unity.2D.Sprite.Package.EditorTests.dll at Library/ScriptAssemblies/Unity.2D.Sprite.Package.EditorTests.dll not valid. Loading of assembly skipped.
Assembly Unity.2D.SpriteShape.EditorTests.dll at Library/ScriptAssemblies/Unity.2D.SpriteShape.EditorTests.dll not valid. Loading of assembly skipped.
Assembly Unity.2D.Tilemap.Package.EditorTests.dll at Library/ScriptAssemblies/Unity.2D.Tilemap.Package.EditorTests.dll not valid. Loading of assembly skipped.
Assembly Unity.Collections.BurstCompatibilityGen.dll at Library/ScriptAssemblies/Unity.Collections.BurstCompatibilityGen.dll not valid. Loading of assembly skipped.
Assembly Unity.Collections.DocCodeSamples.dll at Library/ScriptAssemblies/Unity.Collections.DocCodeSamples.dll not valid. Loading of assembly skipped.
Assembly Unity.Collections.PerformanceTests.dll at Library/ScriptAssemblies/Unity.Collections.PerformanceTests.dll not valid. Loading of assembly skipped.
Assembly Unity.Collections.Tests.dll at Library/ScriptAssemblies/Unity.Collections.Tests.dll not valid. Loading of assembly skipped.
Assembly Unity.Collections.Tests.Playmode.dll at Library/ScriptAssemblies/Unity.Collections.Tests.Playmode.dll not valid. Loading of assembly skipped.
Assembly Unity.InputSystem.IntegrationTests.dll at Library/ScriptAssemblies/Unity.InputSystem.IntegrationTests.dll not valid. Loading of assembly skipped.
Assembly Unity.Mathematics.Tests.dll at Library/ScriptAssemblies/Unity.Mathematics.Tests.dll not valid. Loading of assembly skipped.
Assembly Unity.Multiplayer.Center.Editor.Tests.dll at Library/ScriptAssemblies/Unity.Multiplayer.Center.Editor.Tests.dll not valid. Loading of assembly skipped.
Assembly Unity.Multiplayer.Center.Tests.dll at Library/ScriptAssemblies/Unity.Multiplayer.Center.Tests.dll not valid. Loading of assembly skipped.
Assembly Unity.Nuget.Mono-Cecil.dll at Library/ScriptAssemblies/Unity.Nuget.Mono-Cecil.dll not valid. Loading of assembly skipped.
Assembly Unity.PathTracing.Editor.Tests.dll at Library/ScriptAssemblies/Unity.PathTracing.Editor.Tests.dll not valid. Loading of assembly skipped.
Assembly Unity.PathTracing.Runtime.Tests.dll at Library/ScriptAssemblies/Unity.PathTracing.Runtime.Tests.dll not valid. Loading of assembly skipped.
Assembly Unity.RenderPipelines.Core.Editor.Tests.dll at Library/ScriptAssemblies/Unity.RenderPipelines.Core.Editor.Tests.dll not valid. Loading of assembly skipped.
Assembly Unity.RenderPipelines.Core.Runtime.Tests.dll at Library/ScriptAssemblies/Unity.RenderPipelines.Core.Runtime.Tests.dll not valid. Loading of assembly skipped.
Assembly Unity.RenderPipelines.Universal.Config.Editor.Tests.dll at Library/ScriptAssemblies/Unity.RenderPipelines.Universal.Config.Editor.Tests.dll not valid. Loading of assembly skipped.
Assembly Unity.RenderPipelines.Universal.Editor.Tests.dll at Library/ScriptAssemblies/Unity.RenderPipelines.Universal.Editor.Tests.dll not valid. Loading of assembly skipped.
Assembly Unity.RenderPipelines.Universal.Runtime.Tests.dll at Library/ScriptAssemblies/Unity.RenderPipelines.Universal.Runtime.Tests.dll not valid. Loading of assembly skipped.
Assembly Unity.Searcher.EditorTests.dll at Library/ScriptAssemblies/Unity.Searcher.EditorTests.dll not valid. Loading of assembly skipped.
Assembly Unity.ShaderGraph.Editor.Tests.dll at Library/ScriptAssemblies/Unity.ShaderGraph.Editor.Tests.dll not valid. Loading of assembly skipped.
Assembly Unity.TextMeshPro.Editor.Tests.dll at Library/ScriptAssemblies/Unity.TextMeshPro.Editor.Tests.dll not valid. Loading of assembly skipped.
Assembly Unity.TextMeshPro.Tests.dll at Library/ScriptAssemblies/Unity.TextMeshPro.Tests.dll not valid. Loading of assembly skipped.
Assembly Unity.UnifiedRayTracing.Editor.Tests.dll at Library/ScriptAssemblies/Unity.UnifiedRayTracing.Editor.Tests.dll not valid. Loading of assembly skipped.
Assembly UnityEditor.UI.Common.Tests.dll at Library/ScriptAssemblies/UnityEditor.UI.Common.Tests.dll not valid. Loading of assembly skipped.
Assembly UnityEditor.UI.EditorTests.dll at Library/ScriptAssemblies/UnityEditor.UI.EditorTests.dll not valid. Loading of assembly skipped.
Assembly UnityEngine.UI.Tests.dll at Library/ScriptAssemblies/UnityEngine.UI.Tests.dll not valid. Loading of assembly skipped.
Refreshing native plugins compatible for Editor in 3.73 ms, found 4 plugins.
Native extension for Android target not found
Native extension for WindowsStandalone target not found
[Package Manager] Failed to launch server process. Reason: Unity was launched with the -noUpm command-line argument
[Package Manager] Unable to send message (not connected to server process).
[Package Manager] Cannot connect to Unity Package Manager local server
[Package Manager] Failed to launch server process. Reason: Unity was launched with the -noUpm command-line argument
[Package Manager] Unable to send message (not connected to server process).
[Package Manager] Cannot connect to Unity Package Manager local server
ScheduleIndexationOnStartup MainProcess:False IndexOnStartup:True
[Licensing::Client] Successfully resolved entitlement details
Mono: successfully reloaded assembly
- Finished resetting the current domain, in  6.934 seconds
Domain Reload Profiling: 10490ms
	BeginReloadAssembly (1472ms)
		DisableScriptedObjects (829ms)
		CreateAndSetChildDomain (150ms)
	RebuildCommonClasses (130ms)
	RebuildNativeTypeToScriptingClass (58ms)
	initialDomainReloadingComplete (163ms)
	LoadAllAssembliesAndSetupDomain (1724ms)
		LoadAssemblies (1289ms)
		AnalyzeDomain (744ms)
			TypeCache.Refresh (17ms)
			BuildScriptInfoCaches (684ms)
			ResolveRequiredComponents (38ms)
	FinalizeReload (6943ms)
		SetupLoadedEditorAssemblies (0ms)
			InitializePlatformSupportModulesInManaged (60ms)
			BeforeProcessingInitializeOnLoad (1358ms)
			ProcessInitializeOnLoadAttributes (3352ms)
			ProcessInitializeOnLoadMethodAttributes (614ms)
			AfterProcessingInitializeOnLoad (30ms)
		AwakeInstancesAfterBackupRestoration (208ms)
Refreshing native plugins compatible for Editor in 7.47 ms, found 4 plugins.
Unloading 24 Unused Serialized files (Serialized files now loaded: 0)
Unloading 7110 unused Assets / (4.8 MB). Loaded Objects now: 7993.
Memory consumption went from 171.4 MB to 166.6 MB.
Total: 41.392500 ms (FindLiveObjects: 2.055900 ms CreateObjectMapping: 4.575900 ms MarkObjects: 24.922100 ms  DeleteObjects: 9.835700 ms)

Prepare: number of updated asset objects reloaded= 0
========================================================================
Received Prepare
Refreshing native plugins compatible for Editor in 5.24 ms, found 4 plugins.
Unloading 24 Unused Serialized files (Serialized files now loaded: 0)
Unloading 7099 unused Assets / (4.2 MB). Loaded Objects now: 7993.
Memory consumption went from 174.7 MB to 170.6 MB.
Total: 421.249400 ms (FindLiveObjects: 1.471600 ms CreateObjectMapping: 2.737100 ms MarkObjects: 402.561800 ms  DeleteObjects: 14.476300 ms)

Prepare: number of updated asset objects reloaded= 0
========================================================================
Received Prepare
Begin MonoManager ReloadAssembly
[Licensing::Client] Successfully resolved entitlement details
Assembly Assembly-CSharp-Editor-firstpass.dll at Library/ScriptAssemblies/Assembly-CSharp-Editor-firstpass.dll not valid. Loading of assembly skipped.
Assembly Assembly-CSharp-firstpass.dll at Library/ScriptAssemblies/Assembly-CSharp-firstpass.dll not valid. Loading of assembly skipped.
Assembly DocCodeExamples.dll at Library/ScriptAssemblies/DocCodeExamples.dll not valid. Loading of assembly skipped.
Assembly TestNewCustomAssembly.dll at Library/ScriptAssemblies/TestNewCustomAssembly.dll not valid. Loading of assembly skipped.
Assembly Unity.2D.Animation.EditorTests.dll at Library/ScriptAssemblies/Unity.2D.Animation.EditorTests.dll not valid. Loading of assembly skipped.
Assembly Unity.2D.Aseprite.EditorTests.dll at Library/ScriptAssemblies/Unity.2D.Aseprite.EditorTests.dll not valid. Loading of assembly skipped.
Assembly Unity.2D.Common.EditorTests.dll at Library/ScriptAssemblies/Unity.2D.Common.EditorTests.dll not valid. Loading of assembly skipped.
Assembly Unity.2D.Psdimporter.EditorTests.dll at Library/ScriptAssemblies/Unity.2D.Psdimporter.EditorTests.dll not valid. Loading of assembly skipped.
Assembly Unity.2D.Sprite.Package.EditorTests.dll at Library/ScriptAssemblies/Unity.2D.Sprite.Package.EditorTests.dll not valid. Loading of assembly skipped.
Assembly Unity.2D.SpriteShape.EditorTests.dll at Library/ScriptAssemblies/Unity.2D.SpriteShape.EditorTests.dll not valid. Loading of assembly skipped.
Assembly Unity.2D.Tilemap.Package.EditorTests.dll at Library/ScriptAssemblies/Unity.2D.Tilemap.Package.EditorTests.dll not valid. Loading of assembly skipped.
Assembly Unity.Collections.BurstCompatibilityGen.dll at Library/ScriptAssemblies/Unity.Collections.BurstCompatibilityGen.dll not valid. Loading of assembly skipped.
Assembly Unity.Collections.DocCodeSamples.dll at Library/ScriptAssemblies/Unity.Collections.DocCodeSamples.dll not valid. Loading of assembly skipped.
Assembly Unity.Collections.PerformanceTests.dll at Library/ScriptAssemblies/Unity.Collections.PerformanceTests.dll not valid. Loading of assembly skipped.
Assembly Unity.Collections.Tests.dll at Library/ScriptAssemblies/Unity.Collections.Tests.dll not valid. Loading of assembly skipped.
Assembly Unity.Collections.Tests.Playmode.dll at Library/ScriptAssemblies/Unity.Collections.Tests.Playmode.dll not valid. Loading of assembly skipped.
Assembly Unity.InputSystem.IntegrationTests.dll at Library/ScriptAssemblies/Unity.InputSystem.IntegrationTests.dll not valid. Loading of assembly skipped.
Assembly Unity.Mathematics.Tests.dll at Library/ScriptAssemblies/Unity.Mathematics.Tests.dll not valid. Loading of assembly skipped.
Assembly Unity.Multiplayer.Center.Editor.Tests.dll at Library/ScriptAssemblies/Unity.Multiplayer.Center.Editor.Tests.dll not valid. Loading of assembly skipped.
Assembly Unity.Multiplayer.Center.Tests.dll at Library/ScriptAssemblies/Unity.Multiplayer.Center.Tests.dll not valid. Loading of assembly skipped.
Assembly Unity.Nuget.Mono-Cecil.dll at Library/ScriptAssemblies/Unity.Nuget.Mono-Cecil.dll not valid. Loading of assembly skipped.
Assembly Unity.PathTracing.Editor.Tests.dll at Library/ScriptAssemblies/Unity.PathTracing.Editor.Tests.dll not valid. Loading of assembly skipped.
Assembly Unity.PathTracing.Runtime.Tests.dll at Library/ScriptAssemblies/Unity.PathTracing.Runtime.Tests.dll not valid. Loading of assembly skipped.
Assembly Unity.RenderPipelines.Core.Editor.Tests.dll at Library/ScriptAssemblies/Unity.RenderPipelines.Core.Editor.Tests.dll not valid. Loading of assembly skipped.
Assembly Unity.RenderPipelines.Core.Runtime.Tests.dll at Library/ScriptAssemblies/Unity.RenderPipelines.Core.Runtime.Tests.dll not valid. Loading of assembly skipped.
Assembly Unity.RenderPipelines.Universal.Config.Editor.Tests.dll at Library/ScriptAssemblies/Unity.RenderPipelines.Universal.Config.Editor.Tests.dll not valid. Loading of assembly skipped.
Assembly Unity.RenderPipelines.Universal.Editor.Tests.dll at Library/ScriptAssemblies/Unity.RenderPipelines.Universal.Editor.Tests.dll not valid. Loading of assembly skipped.
Assembly Unity.RenderPipelines.Universal.Runtime.Tests.dll at Library/ScriptAssemblies/Unity.RenderPipelines.Universal.Runtime.Tests.dll not valid. Loading of assembly skipped.
Assembly Unity.Searcher.EditorTests.dll at Library/ScriptAssemblies/Unity.Searcher.EditorTests.dll not valid. Loading of assembly skipped.
Assembly Unity.ShaderGraph.Editor.Tests.dll at Library/ScriptAssemblies/Unity.ShaderGraph.Editor.Tests.dll not valid. Loading of assembly skipped.
Assembly Unity.TextMeshPro.Editor.Tests.dll at Library/ScriptAssemblies/Unity.TextMeshPro.Editor.Tests.dll not valid. Loading of assembly skipped.
Assembly Unity.TextMeshPro.Tests.dll at Library/ScriptAssemblies/Unity.TextMeshPro.Tests.dll not valid. Loading of assembly skipped.
Assembly Unity.UnifiedRayTracing.Editor.Tests.dll at Library/ScriptAssemblies/Unity.UnifiedRayTracing.Editor.Tests.dll not valid. Loading of assembly skipped.
Assembly UnityEditor.UI.Common.Tests.dll at Library/ScriptAssemblies/UnityEditor.UI.Common.Tests.dll not valid. Loading of assembly skipped.
Assembly UnityEditor.UI.EditorTests.dll at Library/ScriptAssemblies/UnityEditor.UI.EditorTests.dll not valid. Loading of assembly skipped.
Assembly UnityEngine.UI.Tests.dll at Library/ScriptAssemblies/UnityEngine.UI.Tests.dll not valid. Loading of assembly skipped.
Refreshing native plugins compatible for Editor in 2.44 ms, found 4 plugins.
Native extension for Android target not found
Native extension for WindowsStandalone target not found
[Package Manager] Failed to launch server process. Reason: Unity was launched with the -noUpm command-line argument
[Package Manager] Unable to send message (not connected to server process).
[Package Manager] Cannot connect to Unity Package Manager local server
[Package Manager] Failed to launch server process. Reason: Unity was launched with the -noUpm command-line argument
[Package Manager] Unable to send message (not connected to server process).
[Package Manager] Cannot connect to Unity Package Manager local server
ScheduleIndexationOnStartup MainProcess:False IndexOnStartup:True
[Licensing::Client] Successfully resolved entitlement details
Mono: successfully reloaded assembly
- Finished resetting the current domain, in  2.508 seconds
Domain Reload Profiling: 8542ms
	BeginReloadAssembly (1388ms)
		DisableScriptedObjects (117ms)
		CreateAndSetChildDomain (133ms)
	RebuildCommonClasses (355ms)
	RebuildNativeTypeToScriptingClass (37ms)
	initialDomainReloadingComplete (133ms)
	LoadAllAssembliesAndSetupDomain (4120ms)
		LoadAssemblies (4402ms)
		AnalyzeDomain (709ms)
			TypeCache.Refresh (22ms)
			BuildScriptInfoCaches (652ms)
			ResolveRequiredComponents (31ms)
	FinalizeReload (2509ms)
		SetupLoadedEditorAssemblies (0ms)
			InitializePlatformSupportModulesInManaged (20ms)
			BeforeProcessingInitializeOnLoad (541ms)
			ProcessInitializeOnLoadAttributes (1217ms)
			ProcessInitializeOnLoadMethodAttributes (222ms)
			AfterProcessingInitializeOnLoad (11ms)
		AwakeInstancesAfterBackupRestoration (59ms)
Refreshing native plugins compatible for Editor in 2.60 ms, found 4 plugins.
Unloading 24 Unused Serialized files (Serialized files now loaded: 0)
Unloading 7110 unused Assets / (5.5 MB). Loaded Objects now: 7996.
Memory consumption went from 178.1 MB to 172.5 MB.
Total: 21.785200 ms (FindLiveObjects: 1.188100 ms CreateObjectMapping: 2.085600 ms MarkObjects: 13.921800 ms  DeleteObjects: 4.587100 ms)

Prepare: number of updated asset objects reloaded= 0
========================================================================
Received Import Request.
  Time since last request: 2136.518472 seconds.
  path: Assets/Prefabs/UI/Canvas.prefab
  importAddress: Guid(46da49a069fbafd41bd740bd7f8f1498) Importer(815301076,1909f56bfc062723c751e8b465ee728b)
Start importing Assets/Prefabs/UI/Canvas.prefab using Guid(46da49a069fbafd41bd740bd7f8f1498) Importer(815301076,1909f56bfc062723c751e8b465ee728b) (PreviewImporter) -> (Import Result ID: '8d8ac3060885e7a5a3dfab39cea2c3f6') in 0.2515653 seconds [static and dynamic dependencies]. Details - ImportResultOutputID=6c1150f253d7e8e99bc2c0d67f4a5137 DependenciesID=d8f63f28023553dedeacb4660948d845 StaticDependenciesID=83d96eb91d035d293c665a634c626d45 
Number of updated asset objects reloaded before import = 0Number of asset objects unloaded after import = 330

========================================================================
Received Prepare
Begin MonoManager ReloadAssembly
[Licensing::Client] Successfully resolved entitlement details
BuildProfileContext singleton already exists.
UnityEngine.Debug:ExtractStackTraceNoAlloc (byte*,int,string)
UnityEngine.StackTraceUtility:ExtractStackTrace ()
UnityEngine.DebugLogHandler:Internal_Log (UnityEngine.LogType,UnityEngine.LogOption,string,UnityEngine.Object)
UnityEngine.DebugLogHandler:LogFormat (UnityEngine.LogType,UnityEngine.Object,string,object[])
UnityEngine.Logger:Log (UnityEngine.LogType,object)
UnityEngine.Debug:LogError (object)
UnityEditor.Build.Profile.BuildProfileContext:.ctor ()
UnityEditorInternal.InternalEditorUtility:SaveToSerializedFileAndForgetInternal (string,UnityEngine.Object[],bool)
UnityEditorInternal.InternalEditorUtility:SaveToSerializedFileAndForget (UnityEngine.Object[],string,bool)
UnityEditor.Build.Profile.BuildProfileContext:Save ()
UnityEditor.Build.Profile.BuildProfileContext:OnDisable ()

[Licensing::Client] Successfully resolved entitlement details
Assembly Assembly-CSharp-Editor-firstpass.dll at Library/ScriptAssemblies/Assembly-CSharp-Editor-firstpass.dll not valid. Loading of assembly skipped.
Assembly Assembly-CSharp-firstpass.dll at Library/ScriptAssemblies/Assembly-CSharp-firstpass.dll not valid. Loading of assembly skipped.
Assembly DocCodeExamples.dll at Library/ScriptAssemblies/DocCodeExamples.dll not valid. Loading of assembly skipped.
Assembly TestNewCustomAssembly.dll at Library/ScriptAssemblies/TestNewCustomAssembly.dll not valid. Loading of assembly skipped.
Assembly Unity.2D.Animation.EditorTests.dll at Library/ScriptAssemblies/Unity.2D.Animation.EditorTests.dll not valid. Loading of assembly skipped.
Assembly Unity.2D.Aseprite.EditorTests.dll at Library/ScriptAssemblies/Unity.2D.Aseprite.EditorTests.dll not valid. Loading of assembly skipped.
Assembly Unity.2D.Common.EditorTests.dll at Library/ScriptAssemblies/Unity.2D.Common.EditorTests.dll not valid. Loading of assembly skipped.
Assembly Unity.2D.Psdimporter.EditorTests.dll at Library/ScriptAssemblies/Unity.2D.Psdimporter.EditorTests.dll not valid. Loading of assembly skipped.
Assembly Unity.2D.Sprite.Package.EditorTests.dll at Library/ScriptAssemblies/Unity.2D.Sprite.Package.EditorTests.dll not valid. Loading of assembly skipped.
Assembly Unity.2D.SpriteShape.EditorTests.dll at Library/ScriptAssemblies/Unity.2D.SpriteShape.EditorTests.dll not valid. Loading of assembly skipped.
Assembly Unity.2D.Tilemap.Package.EditorTests.dll at Library/ScriptAssemblies/Unity.2D.Tilemap.Package.EditorTests.dll not valid. Loading of assembly skipped.
Assembly Unity.Collections.BurstCompatibilityGen.dll at Library/ScriptAssemblies/Unity.Collections.BurstCompatibilityGen.dll not valid. Loading of assembly skipped.
Assembly Unity.Collections.DocCodeSamples.dll at Library/ScriptAssemblies/Unity.Collections.DocCodeSamples.dll not valid. Loading of assembly skipped.
Assembly Unity.Collections.PerformanceTests.dll at Library/ScriptAssemblies/Unity.Collections.PerformanceTests.dll not valid. Loading of assembly skipped.
Assembly Unity.Collections.Tests.dll at Library/ScriptAssemblies/Unity.Collections.Tests.dll not valid. Loading of assembly skipped.
Assembly Unity.Collections.Tests.Playmode.dll at Library/ScriptAssemblies/Unity.Collections.Tests.Playmode.dll not valid. Loading of assembly skipped.
Assembly Unity.InputSystem.IntegrationTests.dll at Library/ScriptAssemblies/Unity.InputSystem.IntegrationTests.dll not valid. Loading of assembly skipped.
Assembly Unity.Mathematics.Tests.dll at Library/ScriptAssemblies/Unity.Mathematics.Tests.dll not valid. Loading of assembly skipped.
Assembly Unity.Multiplayer.Center.Editor.Tests.dll at Library/ScriptAssemblies/Unity.Multiplayer.Center.Editor.Tests.dll not valid. Loading of assembly skipped.
Assembly Unity.Multiplayer.Center.Tests.dll at Library/ScriptAssemblies/Unity.Multiplayer.Center.Tests.dll not valid. Loading of assembly skipped.
Assembly Unity.Nuget.Mono-Cecil.dll at Library/ScriptAssemblies/Unity.Nuget.Mono-Cecil.dll not valid. Loading of assembly skipped.
Assembly Unity.PathTracing.Editor.Tests.dll at Library/ScriptAssemblies/Unity.PathTracing.Editor.Tests.dll not valid. Loading of assembly skipped.
Assembly Unity.PathTracing.Runtime.Tests.dll at Library/ScriptAssemblies/Unity.PathTracing.Runtime.Tests.dll not valid. Loading of assembly skipped.
Assembly Unity.RenderPipelines.Core.Editor.Tests.dll at Library/ScriptAssemblies/Unity.RenderPipelines.Core.Editor.Tests.dll not valid. Loading of assembly skipped.
Assembly Unity.RenderPipelines.Core.Runtime.Tests.dll at Library/ScriptAssemblies/Unity.RenderPipelines.Core.Runtime.Tests.dll not valid. Loading of assembly skipped.
Assembly Unity.RenderPipelines.Universal.Config.Editor.Tests.dll at Library/ScriptAssemblies/Unity.RenderPipelines.Universal.Config.Editor.Tests.dll not valid. Loading of assembly skipped.
Assembly Unity.RenderPipelines.Universal.Editor.Tests.dll at Library/ScriptAssemblies/Unity.RenderPipelines.Universal.Editor.Tests.dll not valid. Loading of assembly skipped.
Assembly Unity.RenderPipelines.Universal.Runtime.Tests.dll at Library/ScriptAssemblies/Unity.RenderPipelines.Universal.Runtime.Tests.dll not valid. Loading of assembly skipped.
Assembly Unity.Searcher.EditorTests.dll at Library/ScriptAssemblies/Unity.Searcher.EditorTests.dll not valid. Loading of assembly skipped.
Assembly Unity.ShaderGraph.Editor.Tests.dll at Library/ScriptAssemblies/Unity.ShaderGraph.Editor.Tests.dll not valid. Loading of assembly skipped.
Assembly Unity.TextMeshPro.Editor.Tests.dll at Library/ScriptAssemblies/Unity.TextMeshPro.Editor.Tests.dll not valid. Loading of assembly skipped.
Assembly Unity.TextMeshPro.Tests.dll at Library/ScriptAssemblies/Unity.TextMeshPro.Tests.dll not valid. Loading of assembly skipped.
Assembly Unity.UnifiedRayTracing.Editor.Tests.dll at Library/ScriptAssemblies/Unity.UnifiedRayTracing.Editor.Tests.dll not valid. Loading of assembly skipped.
Assembly UnityEditor.UI.Common.Tests.dll at Library/ScriptAssemblies/UnityEditor.UI.Common.Tests.dll not valid. Loading of assembly skipped.
Assembly UnityEditor.UI.EditorTests.dll at Library/ScriptAssemblies/UnityEditor.UI.EditorTests.dll not valid. Loading of assembly skipped.
Assembly UnityEngine.UI.Tests.dll at Library/ScriptAssemblies/UnityEngine.UI.Tests.dll not valid. Loading of assembly skipped.
Refreshing native plugins compatible for Editor in 4.00 ms, found 4 plugins.
BuildProfileContext singleton already exists.
UnityEngine.Debug:ExtractStackTraceNoAlloc (byte*,int,string)
UnityEngine.StackTraceUtility:ExtractStackTrace ()
UnityEngine.DebugLogHandler:Internal_Log (UnityEngine.LogType,UnityEngine.LogOption,string,UnityEngine.Object)
UnityEngine.DebugLogHandler:LogFormat (UnityEngine.LogType,UnityEngine.Object,string,object[])
UnityEngine.Logger:Log (UnityEngine.LogType,object)
UnityEngine.Debug:LogError (object)
UnityEditor.Build.Profile.BuildProfileContext:.ctor ()

Native extension for Android target not found
Native extension for WindowsStandalone target not found
[Package Manager] Failed to launch server process. Reason: Unity was launched with the -noUpm command-line argument
[Package Manager] Unable to send message (not connected to server process).
[Package Manager] Cannot connect to Unity Package Manager local server
[Package Manager] Failed to launch server process. Reason: Unity was launched with the -noUpm command-line argument
[Package Manager] Unable to send message (not connected to server process).
[Package Manager] Cannot connect to Unity Package Manager local server
ScheduleIndexationOnStartup MainProcess:False IndexOnStartup:True
Mono: successfully reloaded assembly
- Finished resetting the current domain, in  3.774 seconds
Domain Reload Profiling: 8838ms
	BeginReloadAssembly (606ms)
		DisableScriptedObjects (121ms)
		CreateAndSetChildDomain (118ms)
	RebuildCommonClasses (85ms)
	RebuildNativeTypeToScriptingClass (35ms)
	initialDomainReloadingComplete (137ms)
	LoadAllAssembliesAndSetupDomain (4199ms)
		LoadAssemblies (3709ms)
		AnalyzeDomain (709ms)
			TypeCache.Refresh (28ms)
				TypeCache.ScanAssembly (5ms)
			BuildScriptInfoCaches (638ms)
			ResolveRequiredComponents (38ms)
	FinalizeReload (3775ms)
		SetupLoadedEditorAssemblies (0ms)
			InitializePlatformSupportModulesInManaged (30ms)
			BeforeProcessingInitializeOnLoad (849ms)
			ProcessInitializeOnLoadAttributes (1725ms)
			ProcessInitializeOnLoadMethodAttributes (421ms)
			AfterProcessingInitializeOnLoad (18ms)
		AwakeInstancesAfterBackupRestoration (118ms)
Refreshing native plugins compatible for Editor in 4.87 ms, found 4 plugins.
Unloading 24 Unused Serialized files (Serialized files now loaded: 0)
Unloading 7114 unused Assets / (5.8 MB). Loaded Objects now: 8005.
Memory consumption went from 168.4 MB to 162.6 MB.
Total: 43.597100 ms (FindLiveObjects: 1.285900 ms CreateObjectMapping: 2.589400 ms MarkObjects: 32.286900 ms  DeleteObjects: 7.432100 ms)

Prepare: number of updated asset objects reloaded= 0
========================================================================
Received Import Request.
  Time since last request: 583.767980 seconds.
  path: Assets/Prefabs/UI/Canvas.prefab
  importAddress: Guid(46da49a069fbafd41bd740bd7f8f1498) Importer(815301076,1909f56bfc062723c751e8b465ee728b)
Start importing Assets/Prefabs/UI/Canvas.prefab using Guid(46da49a069fbafd41bd740bd7f8f1498) Importer(815301076,1909f56bfc062723c751e8b465ee728b) (PreviewImporter) -> (Import Result ID: '14d17f02d73982439db4d82407038ac1') in 0.3123986 seconds [static and dynamic dependencies]. Details - ImportResultOutputID=6c1150f253d7e8e99bc2c0d67f4a5137 DependenciesID=17db32203eb5de7b7d9380b43226ac41 StaticDependenciesID=9d9d10294f5d866ce289862c26a4e947 
Number of updated asset objects reloaded before import = 0Number of asset objects unloaded after import = 330

========================================================================
Received Prepare
Begin MonoManager ReloadAssembly
[Licensing::Client] Successfully resolved entitlement details
You may not pass in objects that are already persistent
UnityEngine.Debug:ExtractStackTraceNoAlloc (byte*,int,string)
UnityEngine.StackTraceUtility:ExtractStackTrace ()
UnityEditorInternal.InternalEditorUtility:SaveToSerializedFileAndForgetInternal (string,UnityEngine.Object[],bool)
UnityEditorInternal.InternalEditorUtility:SaveToSerializedFileAndForget (UnityEngine.Object[],string,bool)
UnityEditor.Build.Profile.BuildProfileContext:Save ()
UnityEditor.Build.Profile.BuildProfileContext:OnDisable ()

[C:\build\output\unity\unity\Editor\Src\EditorWindowController.cpp line 138]

You may not pass in objects that are already persistent
UnityEngine.Debug:ExtractStackTraceNoAlloc (byte*,int,string)
UnityEngine.StackTraceUtility:ExtractStackTrace ()
UnityEditorInternal.InternalEditorUtility:SaveToSerializedFileAndForgetInternal (string,UnityEngine.Object[],bool)
UnityEditorInternal.InternalEditorUtility:SaveToSerializedFileAndForget (UnityEngine.Object[],string,bool)
UnityEditor.Build.Profile.BuildProfileContext:Save ()
UnityEditor.Build.Profile.BuildProfileContext:OnDisable ()

[C:\build\output\unity\unity\Editor\Src\EditorWindowController.cpp line 138]

Assembly Assembly-CSharp-Editor-firstpass.dll at Library/ScriptAssemblies/Assembly-CSharp-Editor-firstpass.dll not valid. Loading of assembly skipped.
Assembly Assembly-CSharp-firstpass.dll at Library/ScriptAssemblies/Assembly-CSharp-firstpass.dll not valid. Loading of assembly skipped.
Assembly DocCodeExamples.dll at Library/ScriptAssemblies/DocCodeExamples.dll not valid. Loading of assembly skipped.
Assembly TestNewCustomAssembly.dll at Library/ScriptAssemblies/TestNewCustomAssembly.dll not valid. Loading of assembly skipped.
Assembly Unity.2D.Animation.EditorTests.dll at Library/ScriptAssemblies/Unity.2D.Animation.EditorTests.dll not valid. Loading of assembly skipped.
Assembly Unity.2D.Aseprite.EditorTests.dll at Library/ScriptAssemblies/Unity.2D.Aseprite.EditorTests.dll not valid. Loading of assembly skipped.
Assembly Unity.2D.Common.EditorTests.dll at Library/ScriptAssemblies/Unity.2D.Common.EditorTests.dll not valid. Loading of assembly skipped.
Assembly Unity.2D.Psdimporter.EditorTests.dll at Library/ScriptAssemblies/Unity.2D.Psdimporter.EditorTests.dll not valid. Loading of assembly skipped.
Assembly Unity.2D.Sprite.Package.EditorTests.dll at Library/ScriptAssemblies/Unity.2D.Sprite.Package.EditorTests.dll not valid. Loading of assembly skipped.
Assembly Unity.2D.SpriteShape.EditorTests.dll at Library/ScriptAssemblies/Unity.2D.SpriteShape.EditorTests.dll not valid. Loading of assembly skipped.
Assembly Unity.2D.Tilemap.Package.EditorTests.dll at Library/ScriptAssemblies/Unity.2D.Tilemap.Package.EditorTests.dll not valid. Loading of assembly skipped.
Assembly Unity.Collections.BurstCompatibilityGen.dll at Library/ScriptAssemblies/Unity.Collections.BurstCompatibilityGen.dll not valid. Loading of assembly skipped.
Assembly Unity.Collections.DocCodeSamples.dll at Library/ScriptAssemblies/Unity.Collections.DocCodeSamples.dll not valid. Loading of assembly skipped.
Assembly Unity.Collections.PerformanceTests.dll at Library/ScriptAssemblies/Unity.Collections.PerformanceTests.dll not valid. Loading of assembly skipped.
Assembly Unity.Collections.Tests.dll at Library/ScriptAssemblies/Unity.Collections.Tests.dll not valid. Loading of assembly skipped.
Assembly Unity.Collections.Tests.Playmode.dll at Library/ScriptAssemblies/Unity.Collections.Tests.Playmode.dll not valid. Loading of assembly skipped.
Assembly Unity.InputSystem.IntegrationTests.dll at Library/ScriptAssemblies/Unity.InputSystem.IntegrationTests.dll not valid. Loading of assembly skipped.
Assembly Unity.Mathematics.Tests.dll at Library/ScriptAssemblies/Unity.Mathematics.Tests.dll not valid. Loading of assembly skipped.
Assembly Unity.Multiplayer.Center.Editor.Tests.dll at Library/ScriptAssemblies/Unity.Multiplayer.Center.Editor.Tests.dll not valid. Loading of assembly skipped.
Assembly Unity.Multiplayer.Center.Tests.dll at Library/ScriptAssemblies/Unity.Multiplayer.Center.Tests.dll not valid. Loading of assembly skipped.
Assembly Unity.Nuget.Mono-Cecil.dll at Library/ScriptAssemblies/Unity.Nuget.Mono-Cecil.dll not valid. Loading of assembly skipped.
Assembly Unity.PathTracing.Editor.Tests.dll at Library/ScriptAssemblies/Unity.PathTracing.Editor.Tests.dll not valid. Loading of assembly skipped.
Assembly Unity.PathTracing.Runtime.Tests.dll at Library/ScriptAssemblies/Unity.PathTracing.Runtime.Tests.dll not valid. Loading of assembly skipped.
Assembly Unity.RenderPipelines.Core.Editor.Tests.dll at Library/ScriptAssemblies/Unity.RenderPipelines.Core.Editor.Tests.dll not valid. Loading of assembly skipped.
Assembly Unity.RenderPipelines.Core.Runtime.Tests.dll at Library/ScriptAssemblies/Unity.RenderPipelines.Core.Runtime.Tests.dll not valid. Loading of assembly skipped.
Assembly Unity.RenderPipelines.Universal.Config.Editor.Tests.dll at Library/ScriptAssemblies/Unity.RenderPipelines.Universal.Config.Editor.Tests.dll not valid. Loading of assembly skipped.
Assembly Unity.RenderPipelines.Universal.Editor.Tests.dll at Library/ScriptAssemblies/Unity.RenderPipelines.Universal.Editor.Tests.dll not valid. Loading of assembly skipped.
Assembly Unity.RenderPipelines.Universal.Runtime.Tests.dll at Library/ScriptAssemblies/Unity.RenderPipelines.Universal.Runtime.Tests.dll not valid. Loading of assembly skipped.
Assembly Unity.Searcher.EditorTests.dll at Library/ScriptAssemblies/Unity.Searcher.EditorTests.dll not valid. Loading of assembly skipped.
Assembly Unity.ShaderGraph.Editor.Tests.dll at Library/ScriptAssemblies/Unity.ShaderGraph.Editor.Tests.dll not valid. Loading of assembly skipped.
Assembly Unity.TextMeshPro.Editor.Tests.dll at Library/ScriptAssemblies/Unity.TextMeshPro.Editor.Tests.dll not valid. Loading of assembly skipped.
Assembly Unity.TextMeshPro.Tests.dll at Library/ScriptAssemblies/Unity.TextMeshPro.Tests.dll not valid. Loading of assembly skipped.
Assembly Unity.UnifiedRayTracing.Editor.Tests.dll at Library/ScriptAssemblies/Unity.UnifiedRayTracing.Editor.Tests.dll not valid. Loading of assembly skipped.
Assembly UnityEditor.UI.Common.Tests.dll at Library/ScriptAssemblies/UnityEditor.UI.Common.Tests.dll not valid. Loading of assembly skipped.
Assembly UnityEditor.UI.EditorTests.dll at Library/ScriptAssemblies/UnityEditor.UI.EditorTests.dll not valid. Loading of assembly skipped.
Assembly UnityEngine.UI.Tests.dll at Library/ScriptAssemblies/UnityEngine.UI.Tests.dll not valid. Loading of assembly skipped.
Refreshing native plugins compatible for Editor in 2.36 ms, found 4 plugins.
BuildProfileContext singleton already exists.
UnityEngine.Debug:ExtractStackTraceNoAlloc (byte*,int,string)
UnityEngine.StackTraceUtility:ExtractStackTrace ()
UnityEngine.DebugLogHandler:Internal_Log (UnityEngine.LogType,UnityEngine.LogOption,string,UnityEngine.Object)
UnityEngine.DebugLogHandler:LogFormat (UnityEngine.LogType,UnityEngine.Object,string,object[])
UnityEngine.Logger:Log (UnityEngine.LogType,object)
UnityEngine.Debug:LogError (object)
UnityEditor.Build.Profile.BuildProfileContext:.ctor ()

Native extension for Android target not found
Native extension for WindowsStandalone target not found
[Package Manager] Failed to launch server process. Reason: Unity was launched with the -noUpm command-line argument
[Package Manager] Unable to send message (not connected to server process).
[Package Manager] Cannot connect to Unity Package Manager local server
[Package Manager] Failed to launch server process. Reason: Unity was launched with the -noUpm command-line argument
[Package Manager] Unable to send message (not connected to server process).
[Package Manager] Cannot connect to Unity Package Manager local server
ScheduleIndexationOnStartup MainProcess:False IndexOnStartup:True
[Licensing::Client] Successfully resolved entitlement details
Mono: successfully reloaded assembly
- Finished resetting the current domain, in  3.074 seconds
Domain Reload Profiling: 5098ms
	BeginReloadAssembly (481ms)
		DisableScriptedObjects (95ms)
		CreateAndSetChildDomain (109ms)
	RebuildCommonClasses (77ms)
	RebuildNativeTypeToScriptingClass (22ms)
	initialDomainReloadingComplete (141ms)
	LoadAllAssembliesAndSetupDomain (1302ms)
		LoadAssemblies (865ms)
		AnalyzeDomain (579ms)
			TypeCache.Refresh (15ms)
			BuildScriptInfoCaches (533ms)
			ResolveRequiredComponents (28ms)
	FinalizeReload (3074ms)
		SetupLoadedEditorAssemblies (0ms)
			InitializePlatformSupportModulesInManaged (19ms)
			BeforeProcessingInitializeOnLoad (797ms)
			ProcessInitializeOnLoadAttributes (1513ms)
			ProcessInitializeOnLoadMethodAttributes (259ms)
			AfterProcessingInitializeOnLoad (15ms)
		AwakeInstancesAfterBackupRestoration (80ms)
Refreshing native plugins compatible for Editor in 3.95 ms, found 4 plugins.
Unloading 24 Unused Serialized files (Serialized files now loaded: 0)
Unloading 7114 unused Assets / (5.6 MB). Loaded Objects now: 8008.
Memory consumption went from 168.4 MB to 162.8 MB.
Total: 46.554600 ms (FindLiveObjects: 1.877700 ms CreateObjectMapping: 3.155400 ms MarkObjects: 30.926900 ms  DeleteObjects: 10.591800 ms)

Prepare: number of updated asset objects reloaded= 0
========================================================================
Received Import Request.
  Time since last request: 295.476042 seconds.
  path: Assets/Scenes/21_SchoolArea.unity
  importAddress: Guid(8c9cfa26abfee488c85f1582747f6a02) Importer(815301076,1909f56bfc062723c751e8b465ee728b)
Start importing Assets/Scenes/21_SchoolArea.unity using Guid(8c9cfa26abfee488c85f1582747f6a02) Importer(815301076,1909f56bfc062723c751e8b465ee728b) (PreviewImporter) -> (Import Result ID: 'd496e3ea5ef963109649e2ada5d3d8ba') in 0.0039811 seconds [static and dynamic dependencies]. Details - ImportResultOutputID=f2f8065e025a4d115316dcc7c41f624f DependenciesID=60718477639ca4b158a0afa55323469d StaticDependenciesID=b82c34eac29e57f09150b15f598aa48e 
Number of updated asset objects reloaded before import = 0Number of asset objects unloaded after import = 0

========================================================================
Received Prepare
Begin MonoManager ReloadAssembly
[Licensing::Client] Successfully resolved entitlement details
You may not pass in objects that are already persistent
UnityEngine.Debug:ExtractStackTraceNoAlloc (byte*,int,string)
UnityEngine.StackTraceUtility:ExtractStackTrace ()
UnityEditorInternal.InternalEditorUtility:SaveToSerializedFileAndForgetInternal (string,UnityEngine.Object[],bool)
UnityEditorInternal.InternalEditorUtility:SaveToSerializedFileAndForget (UnityEngine.Object[],string,bool)
UnityEditor.Build.Profile.BuildProfileContext:Save ()
UnityEditor.Build.Profile.BuildProfileContext:OnDisable ()

[C:\build\output\unity\unity\Editor\Src\EditorWindowController.cpp line 138]

You may not pass in objects that are already persistent
UnityEngine.Debug:ExtractStackTraceNoAlloc (byte*,int,string)
UnityEngine.StackTraceUtility:ExtractStackTrace ()
UnityEditorInternal.InternalEditorUtility:SaveToSerializedFileAndForgetInternal (string,UnityEngine.Object[],bool)
UnityEditorInternal.InternalEditorUtility:SaveToSerializedFileAndForget (UnityEngine.Object[],string,bool)
UnityEditor.Build.Profile.BuildProfileContext:Save ()
UnityEditor.Build.Profile.BuildProfileContext:OnDisable ()

[C:\build\output\unity\unity\Editor\Src\EditorWindowController.cpp line 138]

Assembly Assembly-CSharp-Editor-firstpass.dll at Library/ScriptAssemblies/Assembly-CSharp-Editor-firstpass.dll not valid. Loading of assembly skipped.
Assembly Assembly-CSharp-firstpass.dll at Library/ScriptAssemblies/Assembly-CSharp-firstpass.dll not valid. Loading of assembly skipped.
Assembly DocCodeExamples.dll at Library/ScriptAssemblies/DocCodeExamples.dll not valid. Loading of assembly skipped.
Assembly TestNewCustomAssembly.dll at Library/ScriptAssemblies/TestNewCustomAssembly.dll not valid. Loading of assembly skipped.
Assembly Unity.2D.Animation.EditorTests.dll at Library/ScriptAssemblies/Unity.2D.Animation.EditorTests.dll not valid. Loading of assembly skipped.
Assembly Unity.2D.Aseprite.EditorTests.dll at Library/ScriptAssemblies/Unity.2D.Aseprite.EditorTests.dll not valid. Loading of assembly skipped.
Assembly Unity.2D.Common.EditorTests.dll at Library/ScriptAssemblies/Unity.2D.Common.EditorTests.dll not valid. Loading of assembly skipped.
Assembly Unity.2D.Psdimporter.EditorTests.dll at Library/ScriptAssemblies/Unity.2D.Psdimporter.EditorTests.dll not valid. Loading of assembly skipped.
Assembly Unity.2D.Sprite.Package.EditorTests.dll at Library/ScriptAssemblies/Unity.2D.Sprite.Package.EditorTests.dll not valid. Loading of assembly skipped.
Assembly Unity.2D.SpriteShape.EditorTests.dll at Library/ScriptAssemblies/Unity.2D.SpriteShape.EditorTests.dll not valid. Loading of assembly skipped.
Assembly Unity.2D.Tilemap.Package.EditorTests.dll at Library/ScriptAssemblies/Unity.2D.Tilemap.Package.EditorTests.dll not valid. Loading of assembly skipped.
Assembly Unity.Collections.BurstCompatibilityGen.dll at Library/ScriptAssemblies/Unity.Collections.BurstCompatibilityGen.dll not valid. Loading of assembly skipped.
Assembly Unity.Collections.DocCodeSamples.dll at Library/ScriptAssemblies/Unity.Collections.DocCodeSamples.dll not valid. Loading of assembly skipped.
Assembly Unity.Collections.PerformanceTests.dll at Library/ScriptAssemblies/Unity.Collections.PerformanceTests.dll not valid. Loading of assembly skipped.
Assembly Unity.Collections.Tests.dll at Library/ScriptAssemblies/Unity.Collections.Tests.dll not valid. Loading of assembly skipped.
Assembly Unity.Collections.Tests.Playmode.dll at Library/ScriptAssemblies/Unity.Collections.Tests.Playmode.dll not valid. Loading of assembly skipped.
Assembly Unity.InputSystem.IntegrationTests.dll at Library/ScriptAssemblies/Unity.InputSystem.IntegrationTests.dll not valid. Loading of assembly skipped.
Assembly Unity.Mathematics.Tests.dll at Library/ScriptAssemblies/Unity.Mathematics.Tests.dll not valid. Loading of assembly skipped.
Assembly Unity.Multiplayer.Center.Editor.Tests.dll at Library/ScriptAssemblies/Unity.Multiplayer.Center.Editor.Tests.dll not valid. Loading of assembly skipped.
Assembly Unity.Multiplayer.Center.Tests.dll at Library/ScriptAssemblies/Unity.Multiplayer.Center.Tests.dll not valid. Loading of assembly skipped.
Assembly Unity.Nuget.Mono-Cecil.dll at Library/ScriptAssemblies/Unity.Nuget.Mono-Cecil.dll not valid. Loading of assembly skipped.
Assembly Unity.PathTracing.Editor.Tests.dll at Library/ScriptAssemblies/Unity.PathTracing.Editor.Tests.dll not valid. Loading of assembly skipped.
Assembly Unity.PathTracing.Runtime.Tests.dll at Library/ScriptAssemblies/Unity.PathTracing.Runtime.Tests.dll not valid. Loading of assembly skipped.
Assembly Unity.RenderPipelines.Core.Editor.Tests.dll at Library/ScriptAssemblies/Unity.RenderPipelines.Core.Editor.Tests.dll not valid. Loading of assembly skipped.
Assembly Unity.RenderPipelines.Core.Runtime.Tests.dll at Library/ScriptAssemblies/Unity.RenderPipelines.Core.Runtime.Tests.dll not valid. Loading of assembly skipped.
Assembly Unity.RenderPipelines.Universal.Config.Editor.Tests.dll at Library/ScriptAssemblies/Unity.RenderPipelines.Universal.Config.Editor.Tests.dll not valid. Loading of assembly skipped.
Assembly Unity.RenderPipelines.Universal.Editor.Tests.dll at Library/ScriptAssemblies/Unity.RenderPipelines.Universal.Editor.Tests.dll not valid. Loading of assembly skipped.
Assembly Unity.RenderPipelines.Universal.Runtime.Tests.dll at Library/ScriptAssemblies/Unity.RenderPipelines.Universal.Runtime.Tests.dll not valid. Loading of assembly skipped.
Assembly Unity.Searcher.EditorTests.dll at Library/ScriptAssemblies/Unity.Searcher.EditorTests.dll not valid. Loading of assembly skipped.
Assembly Unity.ShaderGraph.Editor.Tests.dll at Library/ScriptAssemblies/Unity.ShaderGraph.Editor.Tests.dll not valid. Loading of assembly skipped.
Assembly Unity.TextMeshPro.Editor.Tests.dll at Library/ScriptAssemblies/Unity.TextMeshPro.Editor.Tests.dll not valid. Loading of assembly skipped.
Assembly Unity.TextMeshPro.Tests.dll at Library/ScriptAssemblies/Unity.TextMeshPro.Tests.dll not valid. Loading of assembly skipped.
Assembly Unity.UnifiedRayTracing.Editor.Tests.dll at Library/ScriptAssemblies/Unity.UnifiedRayTracing.Editor.Tests.dll not valid. Loading of assembly skipped.
Assembly UnityEditor.UI.Common.Tests.dll at Library/ScriptAssemblies/UnityEditor.UI.Common.Tests.dll not valid. Loading of assembly skipped.
Assembly UnityEditor.UI.EditorTests.dll at Library/ScriptAssemblies/UnityEditor.UI.EditorTests.dll not valid. Loading of assembly skipped.
Assembly UnityEngine.UI.Tests.dll at Library/ScriptAssemblies/UnityEngine.UI.Tests.dll not valid. Loading of assembly skipped.
Refreshing native plugins compatible for Editor in 2.29 ms, found 4 plugins.
BuildProfileContext singleton already exists.
UnityEngine.Debug:ExtractStackTraceNoAlloc (byte*,int,string)
UnityEngine.StackTraceUtility:ExtractStackTrace ()
UnityEngine.DebugLogHandler:Internal_Log (UnityEngine.LogType,UnityEngine.LogOption,string,UnityEngine.Object)
UnityEngine.DebugLogHandler:LogFormat (UnityEngine.LogType,UnityEngine.Object,string,object[])
UnityEngine.Logger:Log (UnityEngine.LogType,object)
UnityEngine.Debug:LogError (object)
UnityEditor.Build.Profile.BuildProfileContext:.ctor ()

Native extension for Android target not found
Native extension for WindowsStandalone target not found
[Package Manager] Failed to launch server process. Reason: Unity was launched with the -noUpm command-line argument
[Package Manager] Unable to send message (not connected to server process).
[Package Manager] Cannot connect to Unity Package Manager local server
[Package Manager] Failed to launch server process. Reason: Unity was launched with the -noUpm command-line argument
[Package Manager] Unable to send message (not connected to server process).
[Package Manager] Cannot connect to Unity Package Manager local server
ScheduleIndexationOnStartup MainProcess:False IndexOnStartup:True
[Licensing::Client] Successfully resolved entitlement details
Mono: successfully reloaded assembly
- Finished resetting the current domain, in  2.068 seconds
Domain Reload Profiling: 5750ms
	BeginReloadAssembly (574ms)
		DisableScriptedObjects (115ms)
		CreateAndSetChildDomain (115ms)
	RebuildCommonClasses (85ms)
	RebuildNativeTypeToScriptingClass (29ms)
	initialDomainReloadingComplete (122ms)
	LoadAllAssembliesAndSetupDomain (2872ms)
		LoadAssemblies (2613ms)
		AnalyzeDomain (472ms)
			TypeCache.Refresh (17ms)
			BuildScriptInfoCaches (429ms)
			ResolveRequiredComponents (23ms)
	FinalizeReload (2069ms)
		SetupLoadedEditorAssemblies (0ms)
			InitializePlatformSupportModulesInManaged (15ms)
			BeforeProcessingInitializeOnLoad (504ms)
			ProcessInitializeOnLoadAttributes (949ms)
			ProcessInitializeOnLoadMethodAttributes (193ms)
			AfterProcessingInitializeOnLoad (8ms)
		AwakeInstancesAfterBackupRestoration (59ms)
Refreshing native plugins compatible for Editor in 3.78 ms, found 4 plugins.
Unloading 24 Unused Serialized files (Serialized files now loaded: 0)
Unloading 7111 unused Assets / (5.9 MB). Loaded Objects now: 8011.
Memory consumption went from 168.5 MB to 162.6 MB.
Total: 45.377700 ms (FindLiveObjects: 1.874700 ms CreateObjectMapping: 9.629000 ms MarkObjects: 28.273200 ms  DeleteObjects: 5.598300 ms)

Prepare: number of updated asset objects reloaded= 0
========================================================================
Received Prepare
Begin MonoManager ReloadAssembly
You may not pass in objects that are already persistent
UnityEngine.Debug:ExtractStackTraceNoAlloc (byte*,int,string)
UnityEngine.StackTraceUtility:ExtractStackTrace ()
UnityEditorInternal.InternalEditorUtility:SaveToSerializedFileAndForgetInternal (string,UnityEngine.Object[],bool)
UnityEditorInternal.InternalEditorUtility:SaveToSerializedFileAndForget (UnityEngine.Object[],string,bool)
UnityEditor.Build.Profile.BuildProfileContext:Save ()
UnityEditor.Build.Profile.BuildProfileContext:OnDisable ()

[C:\build\output\unity\unity\Editor\Src\EditorWindowController.cpp line 138]

You may not pass in objects that are already persistent
UnityEngine.Debug:ExtractStackTraceNoAlloc (byte*,int,string)
UnityEngine.StackTraceUtility:ExtractStackTrace ()
UnityEditorInternal.InternalEditorUtility:SaveToSerializedFileAndForgetInternal (string,UnityEngine.Object[],bool)
UnityEditorInternal.InternalEditorUtility:SaveToSerializedFileAndForget (UnityEngine.Object[],string,bool)
UnityEditor.Build.Profile.BuildProfileContext:Save ()
UnityEditor.Build.Profile.BuildProfileContext:OnDisable ()

[C:\build\output\unity\unity\Editor\Src\EditorWindowController.cpp line 138]

Assembly Assembly-CSharp-Editor-firstpass.dll at Library/ScriptAssemblies/Assembly-CSharp-Editor-firstpass.dll not valid. Loading of assembly skipped.
Assembly Assembly-CSharp-firstpass.dll at Library/ScriptAssemblies/Assembly-CSharp-firstpass.dll not valid. Loading of assembly skipped.
Assembly DocCodeExamples.dll at Library/ScriptAssemblies/DocCodeExamples.dll not valid. Loading of assembly skipped.
Assembly TestNewCustomAssembly.dll at Library/ScriptAssemblies/TestNewCustomAssembly.dll not valid. Loading of assembly skipped.
Assembly Unity.2D.Animation.EditorTests.dll at Library/ScriptAssemblies/Unity.2D.Animation.EditorTests.dll not valid. Loading of assembly skipped.
Assembly Unity.2D.Aseprite.EditorTests.dll at Library/ScriptAssemblies/Unity.2D.Aseprite.EditorTests.dll not valid. Loading of assembly skipped.
Assembly Unity.2D.Common.EditorTests.dll at Library/ScriptAssemblies/Unity.2D.Common.EditorTests.dll not valid. Loading of assembly skipped.
Assembly Unity.2D.Psdimporter.EditorTests.dll at Library/ScriptAssemblies/Unity.2D.Psdimporter.EditorTests.dll not valid. Loading of assembly skipped.
Assembly Unity.2D.Sprite.Package.EditorTests.dll at Library/ScriptAssemblies/Unity.2D.Sprite.Package.EditorTests.dll not valid. Loading of assembly skipped.
Assembly Unity.2D.SpriteShape.EditorTests.dll at Library/ScriptAssemblies/Unity.2D.SpriteShape.EditorTests.dll not valid. Loading of assembly skipped.
Assembly Unity.2D.Tilemap.Package.EditorTests.dll at Library/ScriptAssemblies/Unity.2D.Tilemap.Package.EditorTests.dll not valid. Loading of assembly skipped.
Assembly Unity.Collections.BurstCompatibilityGen.dll at Library/ScriptAssemblies/Unity.Collections.BurstCompatibilityGen.dll not valid. Loading of assembly skipped.
Assembly Unity.Collections.DocCodeSamples.dll at Library/ScriptAssemblies/Unity.Collections.DocCodeSamples.dll not valid. Loading of assembly skipped.
Assembly Unity.Collections.PerformanceTests.dll at Library/ScriptAssemblies/Unity.Collections.PerformanceTests.dll not valid. Loading of assembly skipped.
Assembly Unity.Collections.Tests.dll at Library/ScriptAssemblies/Unity.Collections.Tests.dll not valid. Loading of assembly skipped.
Assembly Unity.Collections.Tests.Playmode.dll at Library/ScriptAssemblies/Unity.Collections.Tests.Playmode.dll not valid. Loading of assembly skipped.
Assembly Unity.InputSystem.IntegrationTests.dll at Library/ScriptAssemblies/Unity.InputSystem.IntegrationTests.dll not valid. Loading of assembly skipped.
Assembly Unity.Mathematics.Tests.dll at Library/ScriptAssemblies/Unity.Mathematics.Tests.dll not valid. Loading of assembly skipped.
Assembly Unity.Multiplayer.Center.Editor.Tests.dll at Library/ScriptAssemblies/Unity.Multiplayer.Center.Editor.Tests.dll not valid. Loading of assembly skipped.
Assembly Unity.Multiplayer.Center.Tests.dll at Library/ScriptAssemblies/Unity.Multiplayer.Center.Tests.dll not valid. Loading of assembly skipped.
Assembly Unity.Nuget.Mono-Cecil.dll at Library/ScriptAssemblies/Unity.Nuget.Mono-Cecil.dll not valid. Loading of assembly skipped.
Assembly Unity.PathTracing.Editor.Tests.dll at Library/ScriptAssemblies/Unity.PathTracing.Editor.Tests.dll not valid. Loading of assembly skipped.
Assembly Unity.PathTracing.Runtime.Tests.dll at Library/ScriptAssemblies/Unity.PathTracing.Runtime.Tests.dll not valid. Loading of assembly skipped.
Assembly Unity.RenderPipelines.Core.Editor.Tests.dll at Library/ScriptAssemblies/Unity.RenderPipelines.Core.Editor.Tests.dll not valid. Loading of assembly skipped.
Assembly Unity.RenderPipelines.Core.Runtime.Tests.dll at Library/ScriptAssemblies/Unity.RenderPipelines.Core.Runtime.Tests.dll not valid. Loading of assembly skipped.
Assembly Unity.RenderPipelines.Universal.Config.Editor.Tests.dll at Library/ScriptAssemblies/Unity.RenderPipelines.Universal.Config.Editor.Tests.dll not valid. Loading of assembly skipped.
Assembly Unity.RenderPipelines.Universal.Editor.Tests.dll at Library/ScriptAssemblies/Unity.RenderPipelines.Universal.Editor.Tests.dll not valid. Loading of assembly skipped.
Assembly Unity.RenderPipelines.Universal.Runtime.Tests.dll at Library/ScriptAssemblies/Unity.RenderPipelines.Universal.Runtime.Tests.dll not valid. Loading of assembly skipped.
Assembly Unity.Searcher.EditorTests.dll at Library/ScriptAssemblies/Unity.Searcher.EditorTests.dll not valid. Loading of assembly skipped.
Assembly Unity.ShaderGraph.Editor.Tests.dll at Library/ScriptAssemblies/Unity.ShaderGraph.Editor.Tests.dll not valid. Loading of assembly skipped.
Assembly Unity.TextMeshPro.Editor.Tests.dll at Library/ScriptAssemblies/Unity.TextMeshPro.Editor.Tests.dll not valid. Loading of assembly skipped.
Assembly Unity.TextMeshPro.Tests.dll at Library/ScriptAssemblies/Unity.TextMeshPro.Tests.dll not valid. Loading of assembly skipped.
Assembly Unity.UnifiedRayTracing.Editor.Tests.dll at Library/ScriptAssemblies/Unity.UnifiedRayTracing.Editor.Tests.dll not valid. Loading of assembly skipped.
Assembly UnityEditor.UI.Common.Tests.dll at Library/ScriptAssemblies/UnityEditor.UI.Common.Tests.dll not valid. Loading of assembly skipped.
Assembly UnityEditor.UI.EditorTests.dll at Library/ScriptAssemblies/UnityEditor.UI.EditorTests.dll not valid. Loading of assembly skipped.
Assembly UnityEngine.UI.Tests.dll at Library/ScriptAssemblies/UnityEngine.UI.Tests.dll not valid. Loading of assembly skipped.
Refreshing native plugins compatible for Editor in 2.76 ms, found 4 plugins.
BuildProfileContext singleton already exists.
UnityEngine.Debug:ExtractStackTraceNoAlloc (byte*,int,string)
UnityEngine.StackTraceUtility:ExtractStackTrace ()
UnityEngine.DebugLogHandler:Internal_Log (UnityEngine.LogType,UnityEngine.LogOption,string,UnityEngine.Object)
UnityEngine.DebugLogHandler:LogFormat (UnityEngine.LogType,UnityEngine.Object,string,object[])
UnityEngine.Logger:Log (UnityEngine.LogType,object)
UnityEngine.Debug:LogError (object)
UnityEditor.Build.Profile.BuildProfileContext:.ctor ()

Native extension for Android target not found
Native extension for WindowsStandalone target not found
[Package Manager] Failed to launch server process. Reason: Unity was launched with the -noUpm command-line argument
[Package Manager] Unable to send message (not connected to server process).
[Package Manager] Cannot connect to Unity Package Manager local server
[Package Manager] Failed to launch server process. Reason: Unity was launched with the -noUpm command-line argument
[Package Manager] Unable to send message (not connected to server process).
[Package Manager] Cannot connect to Unity Package Manager local server
ScheduleIndexationOnStartup MainProcess:False IndexOnStartup:True
Mono: successfully reloaded assembly
- Finished resetting the current domain, in  3.842 seconds
Domain Reload Profiling: 6232ms
	BeginReloadAssembly (526ms)
		DisableScriptedObjects (143ms)
		CreateAndSetChildDomain (91ms)
	RebuildCommonClasses (89ms)
	RebuildNativeTypeToScriptingClass (158ms)
	initialDomainReloadingComplete (146ms)
	LoadAllAssembliesAndSetupDomain (1469ms)
		LoadAssemblies (953ms)
		AnalyzeDomain (699ms)
			TypeCache.Refresh (15ms)
			BuildScriptInfoCaches (649ms)
			ResolveRequiredComponents (32ms)
	FinalizeReload (3843ms)
		SetupLoadedEditorAssemblies (0ms)
			InitializePlatformSupportModulesInManaged (35ms)
			BeforeProcessingInitializeOnLoad (959ms)
			ProcessInitializeOnLoadAttributes (1829ms)
			ProcessInitializeOnLoadMethodAttributes (344ms)
			AfterProcessingInitializeOnLoad (19ms)
		AwakeInstancesAfterBackupRestoration (89ms)
Refreshing native plugins compatible for Editor in 5.76 ms, found 4 plugins.
Unloading 24 Unused Serialized files (Serialized files now loaded: 0)
Unloading 7111 unused Assets / (6.1 MB). Loaded Objects now: 8014.
Memory consumption went from 171.8 MB to 165.7 MB.
Total: 29.583800 ms (FindLiveObjects: 1.520800 ms CreateObjectMapping: 3.975200 ms MarkObjects: 16.427700 ms  DeleteObjects: 7.657900 ms)

Prepare: number of updated asset objects reloaded= 0
========================================================================
Received Import Request.
  Time since last request: 531.923919 seconds.
  path: Assets/Scenes/70_UIGamePlay.unity
  importAddress: Guid(d9739d4496e4dfa4d89e7e38bd91aa25) Importer(815301076,1909f56bfc062723c751e8b465ee728b)
Start importing Assets/Scenes/70_UIGamePlay.unity using Guid(d9739d4496e4dfa4d89e7e38bd91aa25) Importer(815301076,1909f56bfc062723c751e8b465ee728b) (PreviewImporter) -> (Import Result ID: '347391bc80e42ceffd1f5d17ca854d89') in 0.0047043 seconds [static and dynamic dependencies]. Details - ImportResultOutputID=b5d7d756a3faa1080a686d15aca77a13 DependenciesID=665bff8a9a14e38d91b92f5d82c0fd93 StaticDependenciesID=9827ac7706d721fd24a7cc083597b576 
Number of updated asset objects reloaded before import = 0Number of asset objects unloaded after import = 0

========================================================================
Received Prepare
Begin MonoManager ReloadAssembly
[Licensing::Client] Successfully resolved entitlement details
You may not pass in objects that are already persistent
UnityEngine.Debug:ExtractStackTraceNoAlloc (byte*,int,string)
UnityEngine.StackTraceUtility:ExtractStackTrace ()
UnityEditorInternal.InternalEditorUtility:SaveToSerializedFileAndForgetInternal (string,UnityEngine.Object[],bool)
UnityEditorInternal.InternalEditorUtility:SaveToSerializedFileAndForget (UnityEngine.Object[],string,bool)
UnityEditor.Build.Profile.BuildProfileContext:Save ()
UnityEditor.Build.Profile.BuildProfileContext:OnDisable ()

[C:\build\output\unity\unity\Editor\Src\EditorWindowController.cpp line 138]

You may not pass in objects that are already persistent
UnityEngine.Debug:ExtractStackTraceNoAlloc (byte*,int,string)
UnityEngine.StackTraceUtility:ExtractStackTrace ()
UnityEditorInternal.InternalEditorUtility:SaveToSerializedFileAndForgetInternal (string,UnityEngine.Object[],bool)
UnityEditorInternal.InternalEditorUtility:SaveToSerializedFileAndForget (UnityEngine.Object[],string,bool)
UnityEditor.Build.Profile.BuildProfileContext:Save ()
UnityEditor.Build.Profile.BuildProfileContext:OnDisable ()

[C:\build\output\unity\unity\Editor\Src\EditorWindowController.cpp line 138]

Assembly Assembly-CSharp-Editor-firstpass.dll at Library/ScriptAssemblies/Assembly-CSharp-Editor-firstpass.dll not valid. Loading of assembly skipped.
Assembly Assembly-CSharp-firstpass.dll at Library/ScriptAssemblies/Assembly-CSharp-firstpass.dll not valid. Loading of assembly skipped.
Assembly DocCodeExamples.dll at Library/ScriptAssemblies/DocCodeExamples.dll not valid. Loading of assembly skipped.
Assembly TestNewCustomAssembly.dll at Library/ScriptAssemblies/TestNewCustomAssembly.dll not valid. Loading of assembly skipped.
Assembly Unity.2D.Animation.EditorTests.dll at Library/ScriptAssemblies/Unity.2D.Animation.EditorTests.dll not valid. Loading of assembly skipped.
Assembly Unity.2D.Aseprite.EditorTests.dll at Library/ScriptAssemblies/Unity.2D.Aseprite.EditorTests.dll not valid. Loading of assembly skipped.
Assembly Unity.2D.Common.EditorTests.dll at Library/ScriptAssemblies/Unity.2D.Common.EditorTests.dll not valid. Loading of assembly skipped.
Assembly Unity.2D.Psdimporter.EditorTests.dll at Library/ScriptAssemblies/Unity.2D.Psdimporter.EditorTests.dll not valid. Loading of assembly skipped.
Assembly Unity.2D.Sprite.Package.EditorTests.dll at Library/ScriptAssemblies/Unity.2D.Sprite.Package.EditorTests.dll not valid. Loading of assembly skipped.
Assembly Unity.2D.SpriteShape.EditorTests.dll at Library/ScriptAssemblies/Unity.2D.SpriteShape.EditorTests.dll not valid. Loading of assembly skipped.
Assembly Unity.2D.Tilemap.Package.EditorTests.dll at Library/ScriptAssemblies/Unity.2D.Tilemap.Package.EditorTests.dll not valid. Loading of assembly skipped.
Assembly Unity.Collections.BurstCompatibilityGen.dll at Library/ScriptAssemblies/Unity.Collections.BurstCompatibilityGen.dll not valid. Loading of assembly skipped.
Assembly Unity.Collections.DocCodeSamples.dll at Library/ScriptAssemblies/Unity.Collections.DocCodeSamples.dll not valid. Loading of assembly skipped.
Assembly Unity.Collections.PerformanceTests.dll at Library/ScriptAssemblies/Unity.Collections.PerformanceTests.dll not valid. Loading of assembly skipped.
Assembly Unity.Collections.Tests.dll at Library/ScriptAssemblies/Unity.Collections.Tests.dll not valid. Loading of assembly skipped.
Assembly Unity.Collections.Tests.Playmode.dll at Library/ScriptAssemblies/Unity.Collections.Tests.Playmode.dll not valid. Loading of assembly skipped.
Assembly Unity.InputSystem.IntegrationTests.dll at Library/ScriptAssemblies/Unity.InputSystem.IntegrationTests.dll not valid. Loading of assembly skipped.
Assembly Unity.Mathematics.Tests.dll at Library/ScriptAssemblies/Unity.Mathematics.Tests.dll not valid. Loading of assembly skipped.
Assembly Unity.Multiplayer.Center.Editor.Tests.dll at Library/ScriptAssemblies/Unity.Multiplayer.Center.Editor.Tests.dll not valid. Loading of assembly skipped.
Assembly Unity.Multiplayer.Center.Tests.dll at Library/ScriptAssemblies/Unity.Multiplayer.Center.Tests.dll not valid. Loading of assembly skipped.
Assembly Unity.Nuget.Mono-Cecil.dll at Library/ScriptAssemblies/Unity.Nuget.Mono-Cecil.dll not valid. Loading of assembly skipped.
Assembly Unity.PathTracing.Editor.Tests.dll at Library/ScriptAssemblies/Unity.PathTracing.Editor.Tests.dll not valid. Loading of assembly skipped.
Assembly Unity.PathTracing.Runtime.Tests.dll at Library/ScriptAssemblies/Unity.PathTracing.Runtime.Tests.dll not valid. Loading of assembly skipped.
Assembly Unity.RenderPipelines.Core.Editor.Tests.dll at Library/ScriptAssemblies/Unity.RenderPipelines.Core.Editor.Tests.dll not valid. Loading of assembly skipped.
Assembly Unity.RenderPipelines.Core.Runtime.Tests.dll at Library/ScriptAssemblies/Unity.RenderPipelines.Core.Runtime.Tests.dll not valid. Loading of assembly skipped.
Assembly Unity.RenderPipelines.Universal.Config.Editor.Tests.dll at Library/ScriptAssemblies/Unity.RenderPipelines.Universal.Config.Editor.Tests.dll not valid. Loading of assembly skipped.
Assembly Unity.RenderPipelines.Universal.Editor.Tests.dll at Library/ScriptAssemblies/Unity.RenderPipelines.Universal.Editor.Tests.dll not valid. Loading of assembly skipped.
Assembly Unity.RenderPipelines.Universal.Runtime.Tests.dll at Library/ScriptAssemblies/Unity.RenderPipelines.Universal.Runtime.Tests.dll not valid. Loading of assembly skipped.
Assembly Unity.Searcher.EditorTests.dll at Library/ScriptAssemblies/Unity.Searcher.EditorTests.dll not valid. Loading of assembly skipped.
Assembly Unity.ShaderGraph.Editor.Tests.dll at Library/ScriptAssemblies/Unity.ShaderGraph.Editor.Tests.dll not valid. Loading of assembly skipped.
Assembly Unity.TextMeshPro.Editor.Tests.dll at Library/ScriptAssemblies/Unity.TextMeshPro.Editor.Tests.dll not valid. Loading of assembly skipped.
Assembly Unity.TextMeshPro.Tests.dll at Library/ScriptAssemblies/Unity.TextMeshPro.Tests.dll not valid. Loading of assembly skipped.
Assembly Unity.UnifiedRayTracing.Editor.Tests.dll at Library/ScriptAssemblies/Unity.UnifiedRayTracing.Editor.Tests.dll not valid. Loading of assembly skipped.
Assembly UnityEditor.UI.Common.Tests.dll at Library/ScriptAssemblies/UnityEditor.UI.Common.Tests.dll not valid. Loading of assembly skipped.
Assembly UnityEditor.UI.EditorTests.dll at Library/ScriptAssemblies/UnityEditor.UI.EditorTests.dll not valid. Loading of assembly skipped.
Assembly UnityEngine.UI.Tests.dll at Library/ScriptAssemblies/UnityEngine.UI.Tests.dll not valid. Loading of assembly skipped.
Refreshing native plugins compatible for Editor in 2.31 ms, found 4 plugins.
BuildProfileContext singleton already exists.
UnityEngine.Debug:ExtractStackTraceNoAlloc (byte*,int,string)
UnityEngine.StackTraceUtility:ExtractStackTrace ()
UnityEngine.DebugLogHandler:Internal_Log (UnityEngine.LogType,UnityEngine.LogOption,string,UnityEngine.Object)
UnityEngine.DebugLogHandler:LogFormat (UnityEngine.LogType,UnityEngine.Object,string,object[])
UnityEngine.Logger:Log (UnityEngine.LogType,object)
UnityEngine.Debug:LogError (object)
UnityEditor.Build.Profile.BuildProfileContext:.ctor ()

Native extension for Android target not found
Native extension for WindowsStandalone target not found
[Package Manager] Failed to launch server process. Reason: Unity was launched with the -noUpm command-line argument
[Package Manager] Unable to send message (not connected to server process).
[Package Manager] Cannot connect to Unity Package Manager local server
[Package Manager] Failed to launch server process. Reason: Unity was launched with the -noUpm command-line argument
[Package Manager] Unable to send message (not connected to server process).
[Package Manager] Cannot connect to Unity Package Manager local server
ScheduleIndexationOnStartup MainProcess:False IndexOnStartup:True
[Licensing::Client] Successfully resolved entitlement details
Mono: successfully reloaded assembly
- Finished resetting the current domain, in  2.235 seconds
Domain Reload Profiling: 3956ms
	BeginReloadAssembly (517ms)
		DisableScriptedObjects (100ms)
		CreateAndSetChildDomain (90ms)
	RebuildCommonClasses (74ms)
	RebuildNativeTypeToScriptingClass (36ms)
	initialDomainReloadingComplete (110ms)
	LoadAllAssembliesAndSetupDomain (982ms)
		LoadAssemblies (777ms)
		AnalyzeDomain (429ms)
			TypeCache.Refresh (19ms)
				TypeCache.ScanAssembly (3ms)
			BuildScriptInfoCaches (385ms)
			ResolveRequiredComponents (22ms)
	FinalizeReload (2236ms)
		SetupLoadedEditorAssemblies (0ms)
			InitializePlatformSupportModulesInManaged (21ms)
			BeforeProcessingInitializeOnLoad (496ms)
			ProcessInitializeOnLoadAttributes (1022ms)
			ProcessInitializeOnLoadMethodAttributes (189ms)
			AfterProcessingInitializeOnLoad (14ms)
		AwakeInstancesAfterBackupRestoration (66ms)
Refreshing native plugins compatible for Editor in 3.62 ms, found 4 plugins.
Unloading 24 Unused Serialized files (Serialized files now loaded: 0)
Unloading 7111 unused Assets / (5.9 MB). Loaded Objects now: 8017.
Memory consumption went from 168.6 MB to 162.7 MB.
Total: 22.233000 ms (FindLiveObjects: 1.629500 ms CreateObjectMapping: 3.067700 ms MarkObjects: 9.717600 ms  DeleteObjects: 7.815400 ms)

Prepare: number of updated asset objects reloaded= 0
========================================================================
Received Prepare
Begin MonoManager ReloadAssembly
[Licensing::Client] Successfully resolved entitlement details
You may not pass in objects that are already persistent
UnityEngine.Debug:ExtractStackTraceNoAlloc (byte*,int,string)
UnityEngine.StackTraceUtility:ExtractStackTrace ()
UnityEditorInternal.InternalEditorUtility:SaveToSerializedFileAndForgetInternal (string,UnityEngine.Object[],bool)
UnityEditorInternal.InternalEditorUtility:SaveToSerializedFileAndForget (UnityEngine.Object[],string,bool)
UnityEditor.Build.Profile.BuildProfileContext:Save ()
UnityEditor.Build.Profile.BuildProfileContext:OnDisable ()

[C:\build\output\unity\unity\Editor\Src\EditorWindowController.cpp line 138]

You may not pass in objects that are already persistent
UnityEngine.Debug:ExtractStackTraceNoAlloc (byte*,int,string)
UnityEngine.StackTraceUtility:ExtractStackTrace ()
UnityEditorInternal.InternalEditorUtility:SaveToSerializedFileAndForgetInternal (string,UnityEngine.Object[],bool)
UnityEditorInternal.InternalEditorUtility:SaveToSerializedFileAndForget (UnityEngine.Object[],string,bool)
UnityEditor.Build.Profile.BuildProfileContext:Save ()
UnityEditor.Build.Profile.BuildProfileContext:OnDisable ()

[C:\build\output\unity\unity\Editor\Src\EditorWindowController.cpp line 138]

Assembly Assembly-CSharp-Editor-firstpass.dll at Library/ScriptAssemblies/Assembly-CSharp-Editor-firstpass.dll not valid. Loading of assembly skipped.
Assembly Assembly-CSharp-firstpass.dll at Library/ScriptAssemblies/Assembly-CSharp-firstpass.dll not valid. Loading of assembly skipped.
Assembly DocCodeExamples.dll at Library/ScriptAssemblies/DocCodeExamples.dll not valid. Loading of assembly skipped.
Assembly TestNewCustomAssembly.dll at Library/ScriptAssemblies/TestNewCustomAssembly.dll not valid. Loading of assembly skipped.
Assembly Unity.2D.Animation.EditorTests.dll at Library/ScriptAssemblies/Unity.2D.Animation.EditorTests.dll not valid. Loading of assembly skipped.
Assembly Unity.2D.Aseprite.EditorTests.dll at Library/ScriptAssemblies/Unity.2D.Aseprite.EditorTests.dll not valid. Loading of assembly skipped.
Assembly Unity.2D.Common.EditorTests.dll at Library/ScriptAssemblies/Unity.2D.Common.EditorTests.dll not valid. Loading of assembly skipped.
Assembly Unity.2D.Psdimporter.EditorTests.dll at Library/ScriptAssemblies/Unity.2D.Psdimporter.EditorTests.dll not valid. Loading of assembly skipped.
Assembly Unity.2D.Sprite.Package.EditorTests.dll at Library/ScriptAssemblies/Unity.2D.Sprite.Package.EditorTests.dll not valid. Loading of assembly skipped.
Assembly Unity.2D.SpriteShape.EditorTests.dll at Library/ScriptAssemblies/Unity.2D.SpriteShape.EditorTests.dll not valid. Loading of assembly skipped.
Assembly Unity.2D.Tilemap.Package.EditorTests.dll at Library/ScriptAssemblies/Unity.2D.Tilemap.Package.EditorTests.dll not valid. Loading of assembly skipped.
Assembly Unity.Collections.BurstCompatibilityGen.dll at Library/ScriptAssemblies/Unity.Collections.BurstCompatibilityGen.dll not valid. Loading of assembly skipped.
Assembly Unity.Collections.DocCodeSamples.dll at Library/ScriptAssemblies/Unity.Collections.DocCodeSamples.dll not valid. Loading of assembly skipped.
Assembly Unity.Collections.PerformanceTests.dll at Library/ScriptAssemblies/Unity.Collections.PerformanceTests.dll not valid. Loading of assembly skipped.
Assembly Unity.Collections.Tests.dll at Library/ScriptAssemblies/Unity.Collections.Tests.dll not valid. Loading of assembly skipped.
Assembly Unity.Collections.Tests.Playmode.dll at Library/ScriptAssemblies/Unity.Collections.Tests.Playmode.dll not valid. Loading of assembly skipped.
Assembly Unity.InputSystem.IntegrationTests.dll at Library/ScriptAssemblies/Unity.InputSystem.IntegrationTests.dll not valid. Loading of assembly skipped.
Assembly Unity.Mathematics.Tests.dll at Library/ScriptAssemblies/Unity.Mathematics.Tests.dll not valid. Loading of assembly skipped.
Assembly Unity.Multiplayer.Center.Editor.Tests.dll at Library/ScriptAssemblies/Unity.Multiplayer.Center.Editor.Tests.dll not valid. Loading of assembly skipped.
Assembly Unity.Multiplayer.Center.Tests.dll at Library/ScriptAssemblies/Unity.Multiplayer.Center.Tests.dll not valid. Loading of assembly skipped.
Assembly Unity.Nuget.Mono-Cecil.dll at Library/ScriptAssemblies/Unity.Nuget.Mono-Cecil.dll not valid. Loading of assembly skipped.
Assembly Unity.PathTracing.Editor.Tests.dll at Library/ScriptAssemblies/Unity.PathTracing.Editor.Tests.dll not valid. Loading of assembly skipped.
Assembly Unity.PathTracing.Runtime.Tests.dll at Library/ScriptAssemblies/Unity.PathTracing.Runtime.Tests.dll not valid. Loading of assembly skipped.
Assembly Unity.RenderPipelines.Core.Editor.Tests.dll at Library/ScriptAssemblies/Unity.RenderPipelines.Core.Editor.Tests.dll not valid. Loading of assembly skipped.
Assembly Unity.RenderPipelines.Core.Runtime.Tests.dll at Library/ScriptAssemblies/Unity.RenderPipelines.Core.Runtime.Tests.dll not valid. Loading of assembly skipped.
Assembly Unity.RenderPipelines.Universal.Config.Editor.Tests.dll at Library/ScriptAssemblies/Unity.RenderPipelines.Universal.Config.Editor.Tests.dll not valid. Loading of assembly skipped.
Assembly Unity.RenderPipelines.Universal.Editor.Tests.dll at Library/ScriptAssemblies/Unity.RenderPipelines.Universal.Editor.Tests.dll not valid. Loading of assembly skipped.
Assembly Unity.RenderPipelines.Universal.Runtime.Tests.dll at Library/ScriptAssemblies/Unity.RenderPipelines.Universal.Runtime.Tests.dll not valid. Loading of assembly skipped.
Assembly Unity.Searcher.EditorTests.dll at Library/ScriptAssemblies/Unity.Searcher.EditorTests.dll not valid. Loading of assembly skipped.
Assembly Unity.ShaderGraph.Editor.Tests.dll at Library/ScriptAssemblies/Unity.ShaderGraph.Editor.Tests.dll not valid. Loading of assembly skipped.
Assembly Unity.TextMeshPro.Editor.Tests.dll at Library/ScriptAssemblies/Unity.TextMeshPro.Editor.Tests.dll not valid. Loading of assembly skipped.
Assembly Unity.TextMeshPro.Tests.dll at Library/ScriptAssemblies/Unity.TextMeshPro.Tests.dll not valid. Loading of assembly skipped.
Assembly Unity.UnifiedRayTracing.Editor.Tests.dll at Library/ScriptAssemblies/Unity.UnifiedRayTracing.Editor.Tests.dll not valid. Loading of assembly skipped.
Assembly UnityEditor.UI.Common.Tests.dll at Library/ScriptAssemblies/UnityEditor.UI.Common.Tests.dll not valid. Loading of assembly skipped.
Assembly UnityEditor.UI.EditorTests.dll at Library/ScriptAssemblies/UnityEditor.UI.EditorTests.dll not valid. Loading of assembly skipped.
Assembly UnityEngine.UI.Tests.dll at Library/ScriptAssemblies/UnityEngine.UI.Tests.dll not valid. Loading of assembly skipped.
Refreshing native plugins compatible for Editor in 3.56 ms, found 4 plugins.
BuildProfileContext singleton already exists.
UnityEngine.Debug:ExtractStackTraceNoAlloc (byte*,int,string)
UnityEngine.StackTraceUtility:ExtractStackTrace ()
UnityEngine.DebugLogHandler:Internal_Log (UnityEngine.LogType,UnityEngine.LogOption,string,UnityEngine.Object)
UnityEngine.DebugLogHandler:LogFormat (UnityEngine.LogType,UnityEngine.Object,string,object[])
UnityEngine.Logger:Log (UnityEngine.LogType,object)
UnityEngine.Debug:LogError (object)
UnityEditor.Build.Profile.BuildProfileContext:.ctor ()

Native extension for Android target not found
Native extension for WindowsStandalone target not found
[Package Manager] Failed to launch server process. Reason: Unity was launched with the -noUpm command-line argument
[Package Manager] Unable to send message (not connected to server process).
[Package Manager] Cannot connect to Unity Package Manager local server
[Package Manager] Failed to launch server process. Reason: Unity was launched with the -noUpm command-line argument
[Package Manager] Unable to send message (not connected to server process).
[Package Manager] Cannot connect to Unity Package Manager local server
ScheduleIndexationOnStartup MainProcess:False IndexOnStartup:True
[Licensing::Client] Successfully resolved entitlement details
Mono: successfully reloaded assembly
- Finished resetting the current domain, in  2.999 seconds
Domain Reload Profiling: 5068ms
	BeginReloadAssembly (545ms)
		DisableScriptedObjects (103ms)
		CreateAndSetChildDomain (128ms)
	RebuildCommonClasses (110ms)
	RebuildNativeTypeToScriptingClass (44ms)
	initialDomainReloadingComplete (134ms)
	LoadAllAssembliesAndSetupDomain (1234ms)
		LoadAssemblies (853ms)
		AnalyzeDomain (565ms)
			TypeCache.Refresh (12ms)
			BuildScriptInfoCaches (517ms)
			ResolveRequiredComponents (32ms)
	FinalizeReload (3001ms)
		SetupLoadedEditorAssemblies (0ms)
			InitializePlatformSupportModulesInManaged (22ms)
			BeforeProcessingInitializeOnLoad (783ms)
			ProcessInitializeOnLoadAttributes (1290ms)
			ProcessInitializeOnLoadMethodAttributes (324ms)
			AfterProcessingInitializeOnLoad (18ms)
		AwakeInstancesAfterBackupRestoration (98ms)
Refreshing native plugins compatible for Editor in 4.35 ms, found 4 plugins.
Unloading 24 Unused Serialized files (Serialized files now loaded: 0)
Unloading 7111 unused Assets / (5.9 MB). Loaded Objects now: 8020.
Memory consumption went from 171.9 MB to 166.0 MB.
Total: 31.083700 ms (FindLiveObjects: 1.579200 ms CreateObjectMapping: 2.952600 ms MarkObjects: 18.916500 ms  DeleteObjects: 7.632700 ms)

Prepare: number of updated asset objects reloaded= 0
========================================================================
Received Import Request.
  Time since last request: 1072.880440 seconds.
  path: Assets/Scenes/70_UIGamePlay.unity
  importAddress: Guid(d9739d4496e4dfa4d89e7e38bd91aa25) Importer(815301076,1909f56bfc062723c751e8b465ee728b)
Start importing Assets/Scenes/70_UIGamePlay.unity using Guid(d9739d4496e4dfa4d89e7e38bd91aa25) Importer(815301076,1909f56bfc062723c751e8b465ee728b) (PreviewImporter) -> (Import Result ID: 'fce51b2d2a5e495a51711ca4576d4697') in 0.0051257 seconds [static and dynamic dependencies]. Details - ImportResultOutputID=b5d7d756a3faa1080a686d15aca77a13 DependenciesID=90f26a3bbe89d105a949b2f9055d261b StaticDependenciesID=149ab73a16ddb72fc6eef8b797e908a6 
Number of updated asset objects reloaded before import = 0Number of asset objects unloaded after import = 0

========================================================================
Received Import Request.
  Time since last request: 130.901847 seconds.
  path: Assets/DialogueData/Event
  importAddress: Guid(6a863288397b2b242aeaa7e4234edf1d) Importer(815301076,1909f56bfc062723c751e8b465ee728b)
Start importing Assets/DialogueData/Event using Guid(6a863288397b2b242aeaa7e4234edf1d) Importer(815301076,1909f56bfc062723c751e8b465ee728b) (PreviewImporter) -> (Import Result ID: '670b6c18c0cf81bdcf5246ea7cce1a91') in 0.0011768 seconds [static and dynamic dependencies]. Details - ImportResultOutputID=d1f4eb0d19d7e761a047d330d16e3ba2 DependenciesID=b03f075d01b63dd8a7bff22d63890b59 StaticDependenciesID=9c55af561893ec7e00dab0ca75492e12 
Number of updated asset objects reloaded before import = 0Number of asset objects unloaded after import = 0

========================================================================
Received Import Request.
  Time since last request: 1.646377 seconds.
  path: Assets/DialogueData/Event/Day1
  importAddress: Guid(615c1d51e2b2f384591de89b8787a72f) Importer(815301076,1909f56bfc062723c751e8b465ee728b)
Start importing Assets/DialogueData/Event/Day1 using Guid(615c1d51e2b2f384591de89b8787a72f) Importer(815301076,1909f56bfc062723c751e8b465ee728b) (PreviewImporter) -> (Import Result ID: 'c98faa142314e2e3cc1d0ceda50f1068') in 0.0008931 seconds [static and dynamic dependencies]. Details - ImportResultOutputID=e61b634222292b0be08582f4626ffe5b DependenciesID=79c84331bb657340edf6b99def90d022 StaticDependenciesID=01a3ffea8109562f644c4a2ba945e332 
Number of updated asset objects reloaded before import = 0Number of asset objects unloaded after import = 0

========================================================================
Received Import Request.
  Time since last request: 0.000027 seconds.
  path: Assets/DialogueData/Event/Day1/Day1_EventComplete.asset
  importAddress: Guid(e7c3f0a1b2d4567890abcdef12345678) Importer(815301076,1909f56bfc062723c751e8b465ee728b)
Start importing Assets/DialogueData/Event/Day1/Day1_EventComplete.asset using Guid(e7c3f0a1b2d4567890abcdef12345678) Importer(815301076,1909f56bfc062723c751e8b465ee728b) (PreviewImporter) -> (Import Result ID: '03a096449de752cb0a59043898f3631e') in 0.0434245 seconds [static and dynamic dependencies]. Details - ImportResultOutputID=06700ca73b7d1ccc08fd7ec1f6075f96 DependenciesID=6d6e47d6d0ea83396880fde74c8dab57 StaticDependenciesID=91f919d3168196cdf2a8511a66db62d3 
Number of updated asset objects reloaded before import = 0Number of asset objects unloaded after import = 1

========================================================================
Received Import Request.
  Time since last request: 8.411356 seconds.
  path: Assets/DialogueData/WorldNPCs/Dia_Classmate_GPA.asset
  importAddress: Guid(a91ec0a1a91ec0a1a91ec0a1a91ec0a1) Importer(815301076,1909f56bfc062723c751e8b465ee728b)
Start importing Assets/DialogueData/WorldNPCs/Dia_Classmate_GPA.asset using Guid(a91ec0a1a91ec0a1a91ec0a1a91ec0a1) Importer(815301076,1909f56bfc062723c751e8b465ee728b) (PreviewImporter) -> (Import Result ID: '8702bbbd414b21b96c51f2674a93ba8b') in 0.0026729 seconds [static and dynamic dependencies]. Details - ImportResultOutputID=aec6fe1b4da0a436ba6e41f29cfbea05 DependenciesID=53bd8c30fc7482667be78864cc05f29d StaticDependenciesID=3b3276a794688cfdee79f0ff14d57866 
Number of updated asset objects reloaded before import = 0Number of asset objects unloaded after import = 1

========================================================================
Received Import Request.
  Time since last request: 6.406399 seconds.
  path: Assets/DialogueData/WorldNPCs/ThayGiao3/ThayGiaoBaFirstTime.asset
  importAddress: Guid(7f77b1742cc0ba84598cce19db1c3402) Importer(815301076,1909f56bfc062723c751e8b465ee728b)
Start importing Assets/DialogueData/WorldNPCs/ThayGiao3/ThayGiaoBaFirstTime.asset using Guid(7f77b1742cc0ba84598cce19db1c3402) Importer(815301076,1909f56bfc062723c751e8b465ee728b) (PreviewImporter) -> (Import Result ID: '4cd2490a94390f1630180a466aac00d5') in 0.0019183 seconds [static and dynamic dependencies]. Details - ImportResultOutputID=6a9ec6bccbde2fc418ca31a1b9a53c75 DependenciesID=9eb0d4a3601c2c80d188edd2e8386139 StaticDependenciesID=0e8e9e960f860409234c03be1716c24d 
Number of updated asset objects reloaded before import = 0Number of asset objects unloaded after import = 1

========================================================================
Received Import Request.
  Time since last request: 0.000027 seconds.
  path: Assets/DialogueData/WorldNPCs/ThayGiao3/ThayGiaoBaTurnIn.asset
  importAddress: Guid(6f082a4b17907354ea78a532a05c4b24) Importer(815301076,1909f56bfc062723c751e8b465ee728b)
Start importing Assets/DialogueData/WorldNPCs/ThayGiao3/ThayGiaoBaTurnIn.asset using Guid(6f082a4b17907354ea78a532a05c4b24) Importer(815301076,1909f56bfc062723c751e8b465ee728b) (PreviewImporter) -> (Import Result ID: 'b9adf3998b576ad294501a314784110c') in 0.0025056 seconds [static and dynamic dependencies]. Details - ImportResultOutputID=124ae01d1f167fb5b5d064b4e707c58e DependenciesID=3ca30d5ce069957a01f5c7d13e6b4680 StaticDependenciesID=f2b07fe142199dcf67aec7fec08fda66 
Number of updated asset objects reloaded before import = 0Number of asset objects unloaded after import = 1

========================================================================
Received Import Request.
  Time since last request: 8.621002 seconds.
  path: Assets/DialogueData/MainClassroom/CompletedAttendClass1.asset
  importAddress: Guid(aa7ebb42ab0498742a6c6b4b16230fd5) Importer(815301076,1909f56bfc062723c751e8b465ee728b)
Start importing Assets/DialogueData/MainClassroom/CompletedAttendClass1.asset using Guid(aa7ebb42ab0498742a6c6b4b16230fd5) Importer(815301076,1909f56bfc062723c751e8b465ee728b) (PreviewImporter) -> (Import Result ID: '298192302c7849c559509cb11ede5045') in 0.0032057 seconds [static and dynamic dependencies]. Details - ImportResultOutputID=9f7ebe1372c046967eaacbea3ce52ea3 DependenciesID=fabcbb1584ada9bb8f7c2d1d3a2bb040 StaticDependenciesID=c2f1e1dd0684a2770af4b3c9115853f8 
Number of updated asset objects reloaded before import = 0Number of asset objects unloaded after import = 1

========================================================================
Received Import Request.
  Time since last request: 3.020716 seconds.
  path: Assets/DialogueData/MainClassroom/LeToanThang/Default.asset
  importAddress: Guid(dcaa7d2a4cbd6b540939746e8a3b3992) Importer(815301076,1909f56bfc062723c751e8b465ee728b)
Start importing Assets/DialogueData/MainClassroom/LeToanThang/Default.asset using Guid(dcaa7d2a4cbd6b540939746e8a3b3992) Importer(815301076,1909f56bfc062723c751e8b465ee728b) (PreviewImporter) -> (Import Result ID: '1371e7970875249f78a1a24816934c9d') in 0.0032752 seconds [static and dynamic dependencies]. Details - ImportResultOutputID=303716529010bae991d9e12b4e2ff743 DependenciesID=31bbd33b36825af74a3506d963d500bf StaticDependenciesID=9de5582fce012d2b419a1b860888d53d 
Number of updated asset objects reloaded before import = 0Number of asset objects unloaded after import = 1

========================================================================
Received Import Request.
  Time since last request: 0.000035 seconds.
  path: Assets/DialogueData/MainClassroom/LeToanThang/LTTEnding.asset
  importAddress: Guid(aceafc5ea38460f45bfc1176c645d44f) Importer(815301076,1909f56bfc062723c751e8b465ee728b)
Start importing Assets/DialogueData/MainClassroom/LeToanThang/LTTEnding.asset using Guid(aceafc5ea38460f45bfc1176c645d44f) Importer(815301076,1909f56bfc062723c751e8b465ee728b) (PreviewImporter) -> (Import Result ID: '269a2e45b042fcc514c9fdf06a6415fc') in 0.0015264 seconds [static and dynamic dependencies]. Details - ImportResultOutputID=c887327affd7e0fadb54737adbec2308 DependenciesID=8cacdb61d5f6eca5191ba57d2097d0e2 StaticDependenciesID=cb8615e9e5b3c7146786f2e5fda3445d 
Number of updated asset objects reloaded before import = 0Number of asset objects unloaded after import = 1

========================================================================
Received Import Request.
  Time since last request: 0.000040 seconds.
  path: Assets/DialogueData/MainClassroom/LeToanThang/LTTStart.asset
  importAddress: Guid(cdbd9c57ce1d18a49b40c3739b8062a9) Importer(815301076,1909f56bfc062723c751e8b465ee728b)
Start importing Assets/DialogueData/MainClassroom/LeToanThang/LTTStart.asset using Guid(cdbd9c57ce1d18a49b40c3739b8062a9) Importer(815301076,1909f56bfc062723c751e8b465ee728b) (PreviewImporter) -> (Import Result ID: '952f572c342dd51a9dea152168a4409e') in 0.0025665 seconds [static and dynamic dependencies]. Details - ImportResultOutputID=22f9a28699e34d4a752c801392035db8 DependenciesID=f7e968220ddb8c960747109d8bf946bc StaticDependenciesID=b4354711f1b95ca2e26ee35ad4ae9c89 
Number of updated asset objects reloaded before import = 0Number of asset objects unloaded after import = 1

========================================================================
Received Import Request.
  Time since last request: 7.391850 seconds.
  path: Assets/DialogueData/MainClassroom/Teacher/TeacherComputerDialogue.asset
  importAddress: Guid(e03dd30edb43dd244a2d2b5f535c3b2b) Importer(815301076,1909f56bfc062723c751e8b465ee728b)
Start importing Assets/DialogueData/MainClassroom/Teacher/TeacherComputerDialogue.asset using Guid(e03dd30edb43dd244a2d2b5f535c3b2b) Importer(815301076,1909f56bfc062723c751e8b465ee728b) (PreviewImporter) -> (Import Result ID: 'b2cc905dd50f8bcceb4c39ac9bad49cb') in 0.0092074 seconds [static and dynamic dependencies]. Details - ImportResultOutputID=c2dec5fadc94ac4127988d075e37e064 DependenciesID=bc3aa2830c48505acfc4da1f22ae43d0 StaticDependenciesID=92034f5fdcca010a28e2b23523ede409 
Number of updated asset objects reloaded before import = 0Number of asset objects unloaded after import = 1

========================================================================
Received Import Request.
  Time since last request: 16.412671 seconds.
  path: Assets/DialogueData/Quest/Day1/AttendClass/AttendClassOnTime.asset
  importAddress: Guid(dd9da6c5d50a15b48ba92b727ea17b9c) Importer(815301076,1909f56bfc062723c751e8b465ee728b)
Start importing Assets/DialogueData/Quest/Day1/AttendClass/AttendClassOnTime.asset using Guid(dd9da6c5d50a15b48ba92b727ea17b9c) Importer(815301076,1909f56bfc062723c751e8b465ee728b) (PreviewImporter) -> (Import Result ID: '193c3c2cd2f2db1023cd380fbd619769') in 0.0016005 seconds [static and dynamic dependencies]. Details - ImportResultOutputID=0cf3a580b0b5471f52c041a084dd4fdc DependenciesID=d62129d3f6c5f123b0b30a2072c5b4fd StaticDependenciesID=8cd1762a610a5391312d622d3d5f7f15 
Number of updated asset objects reloaded before import = 0Number of asset objects unloaded after import = 1

========================================================================
Received Import Request.
  Time since last request: 0.034813 seconds.
  path: Assets/DialogueData/Quest/Day1/AttendClass/Complete.asset
  importAddress: Guid(9a20af2ddde61684b9bbda24295a39c4) Importer(815301076,1909f56bfc062723c751e8b465ee728b)
Start importing Assets/DialogueData/Quest/Day1/AttendClass/Complete.asset using Guid(9a20af2ddde61684b9bbda24295a39c4) Importer(815301076,1909f56bfc062723c751e8b465ee728b) (PreviewImporter) -> (Import Result ID: 'fe7399b917d48217bccd4b468505f506') in 0.0032876 seconds [static and dynamic dependencies]. Details - ImportResultOutputID=38b1bd52e26d262bcf57cfe8a56723f5 DependenciesID=aec79c1f578958ccd655c64f208c03b8 StaticDependenciesID=f825112260753ef14885b1d484826cc9 
Number of updated asset objects reloaded before import = 0Number of asset objects unloaded after import = 1

========================================================================
Received Import Request.
  Time since last request: 8.699205 seconds.
  path: Assets/DialogueData/Library/Blocker.asset
  importAddress: Guid(001c0830a2d2e4043ba347d0ace1a44d) Importer(815301076,1909f56bfc062723c751e8b465ee728b)
Start importing Assets/DialogueData/Library/Blocker.asset using Guid(001c0830a2d2e4043ba347d0ace1a44d) Importer(815301076,1909f56bfc062723c751e8b465ee728b) (PreviewImporter) -> (Import Result ID: '0d5fde42ac4b046212b5aac9b6cec90a') in 0.014752 seconds [static and dynamic dependencies]. Details - ImportResultOutputID=1a29cf26aae222966444070986b6f005 DependenciesID=d54ea1a92fdd0cff348ad57cba4dad6f StaticDependenciesID=f9c923f0d287ad43e2b96bf96d6092f9 
Number of updated asset objects reloaded before import = 0Number of asset objects unloaded after import = 1

========================================================================
Received Prepare
Begin MonoManager ReloadAssembly
[Licensing::Client] Successfully resolved entitlement details
You may not pass in objects that are already persistent
UnityEngine.Debug:ExtractStackTraceNoAlloc (byte*,int,string)
UnityEngine.StackTraceUtility:ExtractStackTrace ()
UnityEditorInternal.InternalEditorUtility:SaveToSerializedFileAndForgetInternal (string,UnityEngine.Object[],bool)
UnityEditorInternal.InternalEditorUtility:SaveToSerializedFileAndForget (UnityEngine.Object[],string,bool)
UnityEditor.Build.Profile.BuildProfileContext:Save ()
UnityEditor.Build.Profile.BuildProfileContext:OnDisable ()

[C:\build\output\unity\unity\Editor\Src\EditorWindowController.cpp line 138]

You may not pass in objects that are already persistent
UnityEngine.Debug:ExtractStackTraceNoAlloc (byte*,int,string)
UnityEngine.StackTraceUtility:ExtractStackTrace ()
UnityEditorInternal.InternalEditorUtility:SaveToSerializedFileAndForgetInternal (string,UnityEngine.Object[],bool)
UnityEditorInternal.InternalEditorUtility:SaveToSerializedFileAndForget (UnityEngine.Object[],string,bool)
UnityEditor.Build.Profile.BuildProfileContext:Save ()
UnityEditor.Build.Profile.BuildProfileContext:OnDisable ()

[C:\build\output\unity\unity\Editor\Src\EditorWindowController.cpp line 138]

Assembly Assembly-CSharp-Editor-firstpass.dll at Library/ScriptAssemblies/Assembly-CSharp-Editor-firstpass.dll not valid. Loading of assembly skipped.
Assembly Assembly-CSharp-firstpass.dll at Library/ScriptAssemblies/Assembly-CSharp-firstpass.dll not valid. Loading of assembly skipped.
Assembly DocCodeExamples.dll at Library/ScriptAssemblies/DocCodeExamples.dll not valid. Loading of assembly skipped.
Assembly TestNewCustomAssembly.dll at Library/ScriptAssemblies/TestNewCustomAssembly.dll not valid. Loading of assembly skipped.
Assembly Unity.2D.Animation.EditorTests.dll at Library/ScriptAssemblies/Unity.2D.Animation.EditorTests.dll not valid. Loading of assembly skipped.
Assembly Unity.2D.Aseprite.EditorTests.dll at Library/ScriptAssemblies/Unity.2D.Aseprite.EditorTests.dll not valid. Loading of assembly skipped.
Assembly Unity.2D.Common.EditorTests.dll at Library/ScriptAssemblies/Unity.2D.Common.EditorTests.dll not valid. Loading of assembly skipped.
Assembly Unity.2D.Psdimporter.EditorTests.dll at Library/ScriptAssemblies/Unity.2D.Psdimporter.EditorTests.dll not valid. Loading of assembly skipped.
Assembly Unity.2D.Sprite.Package.EditorTests.dll at Library/ScriptAssemblies/Unity.2D.Sprite.Package.EditorTests.dll not valid. Loading of assembly skipped.
Assembly Unity.2D.SpriteShape.EditorTests.dll at Library/ScriptAssemblies/Unity.2D.SpriteShape.EditorTests.dll not valid. Loading of assembly skipped.
Assembly Unity.2D.Tilemap.Package.EditorTests.dll at Library/ScriptAssemblies/Unity.2D.Tilemap.Package.EditorTests.dll not valid. Loading of assembly skipped.
Assembly Unity.Collections.BurstCompatibilityGen.dll at Library/ScriptAssemblies/Unity.Collections.BurstCompatibilityGen.dll not valid. Loading of assembly skipped.
Assembly Unity.Collections.DocCodeSamples.dll at Library/ScriptAssemblies/Unity.Collections.DocCodeSamples.dll not valid. Loading of assembly skipped.
Assembly Unity.Collections.PerformanceTests.dll at Library/ScriptAssemblies/Unity.Collections.PerformanceTests.dll not valid. Loading of assembly skipped.
Assembly Unity.Collections.Tests.dll at Library/ScriptAssemblies/Unity.Collections.Tests.dll not valid. Loading of assembly skipped.
Assembly Unity.Collections.Tests.Playmode.dll at Library/ScriptAssemblies/Unity.Collections.Tests.Playmode.dll not valid. Loading of assembly skipped.
Assembly Unity.InputSystem.IntegrationTests.dll at Library/ScriptAssemblies/Unity.InputSystem.IntegrationTests.dll not valid. Loading of assembly skipped.
Assembly Unity.Mathematics.Tests.dll at Library/ScriptAssemblies/Unity.Mathematics.Tests.dll not valid. Loading of assembly skipped.
Assembly Unity.Multiplayer.Center.Editor.Tests.dll at Library/ScriptAssemblies/Unity.Multiplayer.Center.Editor.Tests.dll not valid. Loading of assembly skipped.
Assembly Unity.Multiplayer.Center.Tests.dll at Library/ScriptAssemblies/Unity.Multiplayer.Center.Tests.dll not valid. Loading of assembly skipped.
Assembly Unity.Nuget.Mono-Cecil.dll at Library/ScriptAssemblies/Unity.Nuget.Mono-Cecil.dll not valid. Loading of assembly skipped.
Assembly Unity.PathTracing.Editor.Tests.dll at Library/ScriptAssemblies/Unity.PathTracing.Editor.Tests.dll not valid. Loading of assembly skipped.
Assembly Unity.PathTracing.Runtime.Tests.dll at Library/ScriptAssemblies/Unity.PathTracing.Runtime.Tests.dll not valid. Loading of assembly skipped.
Assembly Unity.RenderPipelines.Core.Editor.Tests.dll at Library/ScriptAssemblies/Unity.RenderPipelines.Core.Editor.Tests.dll not valid. Loading of assembly skipped.
Assembly Unity.RenderPipelines.Core.Runtime.Tests.dll at Library/ScriptAssemblies/Unity.RenderPipelines.Core.Runtime.Tests.dll not valid. Loading of assembly skipped.
Assembly Unity.RenderPipelines.Universal.Config.Editor.Tests.dll at Library/ScriptAssemblies/Unity.RenderPipelines.Universal.Config.Editor.Tests.dll not valid. Loading of assembly skipped.
Assembly Unity.RenderPipelines.Universal.Editor.Tests.dll at Library/ScriptAssemblies/Unity.RenderPipelines.Universal.Editor.Tests.dll not valid. Loading of assembly skipped.
Assembly Unity.RenderPipelines.Universal.Runtime.Tests.dll at Library/ScriptAssemblies/Unity.RenderPipelines.Universal.Runtime.Tests.dll not valid. Loading of assembly skipped.
Assembly Unity.Searcher.EditorTests.dll at Library/ScriptAssemblies/Unity.Searcher.EditorTests.dll not valid. Loading of assembly skipped.
Assembly Unity.ShaderGraph.Editor.Tests.dll at Library/ScriptAssemblies/Unity.ShaderGraph.Editor.Tests.dll not valid. Loading of assembly skipped.
Assembly Unity.TextMeshPro.Editor.Tests.dll at Library/ScriptAssemblies/Unity.TextMeshPro.Editor.Tests.dll not valid. Loading of assembly skipped.
Assembly Unity.TextMeshPro.Tests.dll at Library/ScriptAssemblies/Unity.TextMeshPro.Tests.dll not valid. Loading of assembly skipped.
Assembly Unity.UnifiedRayTracing.Editor.Tests.dll at Library/ScriptAssemblies/Unity.UnifiedRayTracing.Editor.Tests.dll not valid. Loading of assembly skipped.
Assembly UnityEditor.UI.Common.Tests.dll at Library/ScriptAssemblies/UnityEditor.UI.Common.Tests.dll not valid. Loading of assembly skipped.
Assembly UnityEditor.UI.EditorTests.dll at Library/ScriptAssemblies/UnityEditor.UI.EditorTests.dll not valid. Loading of assembly skipped.
Assembly UnityEngine.UI.Tests.dll at Library/ScriptAssemblies/UnityEngine.UI.Tests.dll not valid. Loading of assembly skipped.
Refreshing native plugins compatible for Editor in 2.23 ms, found 4 plugins.
BuildProfileContext singleton already exists.
UnityEngine.Debug:ExtractStackTraceNoAlloc (byte*,int,string)
UnityEngine.StackTraceUtility:ExtractStackTrace ()
UnityEngine.DebugLogHandler:Internal_Log (UnityEngine.LogType,UnityEngine.LogOption,string,UnityEngine.Object)
UnityEngine.DebugLogHandler:LogFormat (UnityEngine.LogType,UnityEngine.Object,string,object[])
UnityEngine.Logger:Log (UnityEngine.LogType,object)
UnityEngine.Debug:LogError (object)
UnityEditor.Build.Profile.BuildProfileContext:.ctor ()

Native extension for Android target not found
Native extension for WindowsStandalone target not found
[Package Manager] Failed to launch server process. Reason: Unity was launched with the -noUpm command-line argument
[Package Manager] Unable to send message (not connected to server process).
[Package Manager] Cannot connect to Unity Package Manager local server
[Package Manager] Failed to launch server process. Reason: Unity was launched with the -noUpm command-line argument
[Package Manager] Unable to send message (not connected to server process).
[Package Manager] Cannot connect to Unity Package Manager local server
ScheduleIndexationOnStartup MainProcess:False IndexOnStartup:True
[Licensing::Client] Successfully resolved entitlement details
Mono: successfully reloaded assembly
- Finished resetting the current domain, in  2.011 seconds
Domain Reload Profiling: 4492ms
	BeginReloadAssembly (856ms)
		DisableScriptedObjects (108ms)
		CreateAndSetChildDomain (289ms)
	RebuildCommonClasses (95ms)
	RebuildNativeTypeToScriptingClass (30ms)
	initialDomainReloadingComplete (120ms)
	LoadAllAssembliesAndSetupDomain (1379ms)
		LoadAssemblies (1126ms)
		AnalyzeDomain (515ms)
			TypeCache.Refresh (19ms)
			BuildScriptInfoCaches (459ms)
			ResolveRequiredComponents (32ms)
	FinalizeReload (2011ms)
		SetupLoadedEditorAssemblies (0ms)
			InitializePlatformSupportModulesInManaged (25ms)
			BeforeProcessingInitializeOnLoad (450ms)
			ProcessInitializeOnLoadAttributes (891ms)
			ProcessInitializeOnLoadMethodAttributes (204ms)
			AfterProcessingInitializeOnLoad (11ms)
		AwakeInstancesAfterBackupRestoration (48ms)
Refreshing native plugins compatible for Editor in 4.02 ms, found 4 plugins.
Unloading 24 Unused Serialized files (Serialized files now loaded: 0)
Unloading 7111 unused Assets / (5.5 MB). Loaded Objects now: 8023.
Memory consumption went from 168.7 MB to 163.2 MB.
Total: 15.263100 ms (FindLiveObjects: 1.109300 ms CreateObjectMapping: 1.618200 ms MarkObjects: 8.455500 ms  DeleteObjects: 4.078100 ms)

Prepare: number of updated asset objects reloaded= 0
========================================================================
Received Prepare
Refreshing native plugins compatible for Editor in 6.72 ms, found 4 plugins.
Unloading 24 Unused Serialized files (Serialized files now loaded: 0)
Unloading 7100 unused Assets / (6.1 MB). Loaded Objects now: 8023.
Memory consumption went from 172.0 MB to 165.9 MB.
Total: 41.497200 ms (FindLiveObjects: 1.405600 ms CreateObjectMapping: 2.323700 ms MarkObjects: 24.560400 ms  DeleteObjects: 13.205500 ms)

Prepare: number of updated asset objects reloaded= 0
========================================================================
Received Prepare
Begin MonoManager ReloadAssembly
You may not pass in objects that are already persistent
UnityEngine.Debug:ExtractStackTraceNoAlloc (byte*,int,string)
UnityEngine.StackTraceUtility:ExtractStackTrace ()
UnityEditorInternal.InternalEditorUtility:SaveToSerializedFileAndForgetInternal (string,UnityEngine.Object[],bool)
UnityEditorInternal.InternalEditorUtility:SaveToSerializedFileAndForget (UnityEngine.Object[],string,bool)
UnityEditor.Build.Profile.BuildProfileContext:Save ()
UnityEditor.Build.Profile.BuildProfileContext:OnDisable ()

[C:\build\output\unity\unity\Editor\Src\EditorWindowController.cpp line 138]

You may not pass in objects that are already persistent
UnityEngine.Debug:ExtractStackTraceNoAlloc (byte*,int,string)
UnityEngine.StackTraceUtility:ExtractStackTrace ()
UnityEditorInternal.InternalEditorUtility:SaveToSerializedFileAndForgetInternal (string,UnityEngine.Object[],bool)
UnityEditorInternal.InternalEditorUtility:SaveToSerializedFileAndForget (UnityEngine.Object[],string,bool)
UnityEditor.Build.Profile.BuildProfileContext:Save ()
UnityEditor.Build.Profile.BuildProfileContext:OnDisable ()

[C:\build\output\unity\unity\Editor\Src\EditorWindowController.cpp line 138]

Assembly Assembly-CSharp-Editor-firstpass.dll at Library/ScriptAssemblies/Assembly-CSharp-Editor-firstpass.dll not valid. Loading of assembly skipped.
Assembly Assembly-CSharp-firstpass.dll at Library/ScriptAssemblies/Assembly-CSharp-firstpass.dll not valid. Loading of assembly skipped.
Assembly DocCodeExamples.dll at Library/ScriptAssemblies/DocCodeExamples.dll not valid. Loading of assembly skipped.
Assembly TestNewCustomAssembly.dll at Library/ScriptAssemblies/TestNewCustomAssembly.dll not valid. Loading of assembly skipped.
Assembly Unity.2D.Animation.EditorTests.dll at Library/ScriptAssemblies/Unity.2D.Animation.EditorTests.dll not valid. Loading of assembly skipped.
Assembly Unity.2D.Aseprite.EditorTests.dll at Library/ScriptAssemblies/Unity.2D.Aseprite.EditorTests.dll not valid. Loading of assembly skipped.
Assembly Unity.2D.Common.EditorTests.dll at Library/ScriptAssemblies/Unity.2D.Common.EditorTests.dll not valid. Loading of assembly skipped.
Assembly Unity.2D.Psdimporter.EditorTests.dll at Library/ScriptAssemblies/Unity.2D.Psdimporter.EditorTests.dll not valid. Loading of assembly skipped.
Assembly Unity.2D.Sprite.Package.EditorTests.dll at Library/ScriptAssemblies/Unity.2D.Sprite.Package.EditorTests.dll not valid. Loading of assembly skipped.
Assembly Unity.2D.SpriteShape.EditorTests.dll at Library/ScriptAssemblies/Unity.2D.SpriteShape.EditorTests.dll not valid. Loading of assembly skipped.
Assembly Unity.2D.Tilemap.Package.EditorTests.dll at Library/ScriptAssemblies/Unity.2D.Tilemap.Package.EditorTests.dll not valid. Loading of assembly skipped.
Assembly Unity.Collections.BurstCompatibilityGen.dll at Library/ScriptAssemblies/Unity.Collections.BurstCompatibilityGen.dll not valid. Loading of assembly skipped.
Assembly Unity.Collections.DocCodeSamples.dll at Library/ScriptAssemblies/Unity.Collections.DocCodeSamples.dll not valid. Loading of assembly skipped.
Assembly Unity.Collections.PerformanceTests.dll at Library/ScriptAssemblies/Unity.Collections.PerformanceTests.dll not valid. Loading of assembly skipped.
Assembly Unity.Collections.Tests.dll at Library/ScriptAssemblies/Unity.Collections.Tests.dll not valid. Loading of assembly skipped.
Assembly Unity.Collections.Tests.Playmode.dll at Library/ScriptAssemblies/Unity.Collections.Tests.Playmode.dll not valid. Loading of assembly skipped.
Assembly Unity.InputSystem.IntegrationTests.dll at Library/ScriptAssemblies/Unity.InputSystem.IntegrationTests.dll not valid. Loading of assembly skipped.
Assembly Unity.Mathematics.Tests.dll at Library/ScriptAssemblies/Unity.Mathematics.Tests.dll not valid. Loading of assembly skipped.
Assembly Unity.Multiplayer.Center.Editor.Tests.dll at Library/ScriptAssemblies/Unity.Multiplayer.Center.Editor.Tests.dll not valid. Loading of assembly skipped.
Assembly Unity.Multiplayer.Center.Tests.dll at Library/ScriptAssemblies/Unity.Multiplayer.Center.Tests.dll not valid. Loading of assembly skipped.
Assembly Unity.Nuget.Mono-Cecil.dll at Library/ScriptAssemblies/Unity.Nuget.Mono-Cecil.dll not valid. Loading of assembly skipped.
Assembly Unity.PathTracing.Editor.Tests.dll at Library/ScriptAssemblies/Unity.PathTracing.Editor.Tests.dll not valid. Loading of assembly skipped.
Assembly Unity.PathTracing.Runtime.Tests.dll at Library/ScriptAssemblies/Unity.PathTracing.Runtime.Tests.dll not valid. Loading of assembly skipped.
Assembly Unity.RenderPipelines.Core.Editor.Tests.dll at Library/ScriptAssemblies/Unity.RenderPipelines.Core.Editor.Tests.dll not valid. Loading of assembly skipped.
Assembly Unity.RenderPipelines.Core.Runtime.Tests.dll at Library/ScriptAssemblies/Unity.RenderPipelines.Core.Runtime.Tests.dll not valid. Loading of assembly skipped.
Assembly Unity.RenderPipelines.Universal.Config.Editor.Tests.dll at Library/ScriptAssemblies/Unity.RenderPipelines.Universal.Config.Editor.Tests.dll not valid. Loading of assembly skipped.
Assembly Unity.RenderPipelines.Universal.Editor.Tests.dll at Library/ScriptAssemblies/Unity.RenderPipelines.Universal.Editor.Tests.dll not valid. Loading of assembly skipped.
Assembly Unity.RenderPipelines.Universal.Runtime.Tests.dll at Library/ScriptAssemblies/Unity.RenderPipelines.Universal.Runtime.Tests.dll not valid. Loading of assembly skipped.
Assembly Unity.Searcher.EditorTests.dll at Library/ScriptAssemblies/Unity.Searcher.EditorTests.dll not valid. Loading of assembly skipped.
Assembly Unity.ShaderGraph.Editor.Tests.dll at Library/ScriptAssemblies/Unity.ShaderGraph.Editor.Tests.dll not valid. Loading of assembly skipped.
Assembly Unity.TextMeshPro.Editor.Tests.dll at Library/ScriptAssemblies/Unity.TextMeshPro.Editor.Tests.dll not valid. Loading of assembly skipped.
Assembly Unity.TextMeshPro.Tests.dll at Library/ScriptAssemblies/Unity.TextMeshPro.Tests.dll not valid. Loading of assembly skipped.
Assembly Unity.UnifiedRayTracing.Editor.Tests.dll at Library/ScriptAssemblies/Unity.UnifiedRayTracing.Editor.Tests.dll not valid. Loading of assembly skipped.
Assembly UnityEditor.UI.Common.Tests.dll at Library/ScriptAssemblies/UnityEditor.UI.Common.Tests.dll not valid. Loading of assembly skipped.
Assembly UnityEditor.UI.EditorTests.dll at Library/ScriptAssemblies/UnityEditor.UI.EditorTests.dll not valid. Loading of assembly skipped.
Assembly UnityEngine.UI.Tests.dll at Library/ScriptAssemblies/UnityEngine.UI.Tests.dll not valid. Loading of assembly skipped.
Refreshing native plugins compatible for Editor in 3.76 ms, found 4 plugins.
BuildProfileContext singleton already exists.
UnityEngine.Debug:ExtractStackTraceNoAlloc (byte*,int,string)
UnityEngine.StackTraceUtility:ExtractStackTrace ()
UnityEngine.DebugLogHandler:Internal_Log (UnityEngine.LogType,UnityEngine.LogOption,string,UnityEngine.Object)
UnityEngine.DebugLogHandler:LogFormat (UnityEngine.LogType,UnityEngine.Object,string,object[])
UnityEngine.Logger:Log (UnityEngine.LogType,object)
UnityEngine.Debug:LogError (object)
UnityEditor.Build.Profile.BuildProfileContext:.ctor ()

Native extension for Android target not found
Native extension for WindowsStandalone target not found
[Package Manager] Failed to launch server process. Reason: Unity was launched with the -noUpm command-line argument
[Package Manager] Unable to send message (not connected to server process).
[Package Manager] Cannot connect to Unity Package Manager local server
[Package Manager] Failed to launch server process. Reason: Unity was launched with the -noUpm command-line argument
[Package Manager] Unable to send message (not connected to server process).
[Package Manager] Cannot connect to Unity Package Manager local server
ScheduleIndexationOnStartup MainProcess:False IndexOnStartup:True
Mono: successfully reloaded assembly
- Finished resetting the current domain, in  2.760 seconds
Domain Reload Profiling: 4956ms
	BeginReloadAssembly (630ms)
		DisableScriptedObjects (104ms)
		CreateAndSetChildDomain (178ms)
	RebuildCommonClasses (104ms)
	RebuildNativeTypeToScriptingClass (32ms)
	initialDomainReloadingComplete (120ms)
	LoadAllAssembliesAndSetupDomain (1309ms)
		LoadAssemblies (891ms)
		AnalyzeDomain (635ms)
			TypeCache.Refresh (25ms)
				TypeCache.ScanAssembly (4ms)
			BuildScriptInfoCaches (558ms)
			ResolveRequiredComponents (45ms)
	FinalizeReload (2761ms)
		SetupLoadedEditorAssemblies (0ms)
			InitializePlatformSupportModulesInManaged (27ms)
			BeforeProcessingInitializeOnLoad (741ms)
			ProcessInitializeOnLoadAttributes (1212ms)
			ProcessInitializeOnLoadMethodAttributes (238ms)
			AfterProcessingInitializeOnLoad (13ms)
		AwakeInstancesAfterBackupRestoration (62ms)
Refreshing native plugins compatible for Editor in 3.17 ms, found 4 plugins.
Unloading 24 Unused Serialized files (Serialized files now loaded: 0)
Unloading 7111 unused Assets / (5.5 MB). Loaded Objects now: 8026.
Memory consumption went from 175.3 MB to 169.8 MB.
Total: 13.952600 ms (FindLiveObjects: 1.126100 ms CreateObjectMapping: 1.885600 ms MarkObjects: 7.651100 ms  DeleteObjects: 3.288200 ms)

Prepare: number of updated asset objects reloaded= 0
========================================================================
Received Prepare
Begin MonoManager ReloadAssembly
[Licensing::Client] Successfully resolved entitlement details
You may not pass in objects that are already persistent
UnityEngine.Debug:ExtractStackTraceNoAlloc (byte*,int,string)
UnityEngine.StackTraceUtility:ExtractStackTrace ()
UnityEditorInternal.InternalEditorUtility:SaveToSerializedFileAndForgetInternal (string,UnityEngine.Object[],bool)
UnityEditorInternal.InternalEditorUtility:SaveToSerializedFileAndForget (UnityEngine.Object[],string,bool)
UnityEditor.Build.Profile.BuildProfileContext:Save ()
UnityEditor.Build.Profile.BuildProfileContext:OnDisable ()

[C:\build\output\unity\unity\Editor\Src\EditorWindowController.cpp line 138]

You may not pass in objects that are already persistent
UnityEngine.Debug:ExtractStackTraceNoAlloc (byte*,int,string)
UnityEngine.StackTraceUtility:ExtractStackTrace ()
UnityEditorInternal.InternalEditorUtility:SaveToSerializedFileAndForgetInternal (string,UnityEngine.Object[],bool)
UnityEditorInternal.InternalEditorUtility:SaveToSerializedFileAndForget (UnityEngine.Object[],string,bool)
UnityEditor.Build.Profile.BuildProfileContext:Save ()
UnityEditor.Build.Profile.BuildProfileContext:OnDisable ()

[C:\build\output\unity\unity\Editor\Src\EditorWindowController.cpp line 138]

Assembly Assembly-CSharp-Editor-firstpass.dll at Library/ScriptAssemblies/Assembly-CSharp-Editor-firstpass.dll not valid. Loading of assembly skipped.
Assembly Assembly-CSharp-firstpass.dll at Library/ScriptAssemblies/Assembly-CSharp-firstpass.dll not valid. Loading of assembly skipped.
Assembly DocCodeExamples.dll at Library/ScriptAssemblies/DocCodeExamples.dll not valid. Loading of assembly skipped.
Assembly TestNewCustomAssembly.dll at Library/ScriptAssemblies/TestNewCustomAssembly.dll not valid. Loading of assembly skipped.
Assembly Unity.2D.Animation.EditorTests.dll at Library/ScriptAssemblies/Unity.2D.Animation.EditorTests.dll not valid. Loading of assembly skipped.
Assembly Unity.2D.Aseprite.EditorTests.dll at Library/ScriptAssemblies/Unity.2D.Aseprite.EditorTests.dll not valid. Loading of assembly skipped.
Assembly Unity.2D.Common.EditorTests.dll at Library/ScriptAssemblies/Unity.2D.Common.EditorTests.dll not valid. Loading of assembly skipped.
Assembly Unity.2D.Psdimporter.EditorTests.dll at Library/ScriptAssemblies/Unity.2D.Psdimporter.EditorTests.dll not valid. Loading of assembly skipped.
Assembly Unity.2D.Sprite.Package.EditorTests.dll at Library/ScriptAssemblies/Unity.2D.Sprite.Package.EditorTests.dll not valid. Loading of assembly skipped.
Assembly Unity.2D.SpriteShape.EditorTests.dll at Library/ScriptAssemblies/Unity.2D.SpriteShape.EditorTests.dll not valid. Loading of assembly skipped.
Assembly Unity.2D.Tilemap.Package.EditorTests.dll at Library/ScriptAssemblies/Unity.2D.Tilemap.Package.EditorTests.dll not valid. Loading of assembly skipped.
Assembly Unity.Collections.BurstCompatibilityGen.dll at Library/ScriptAssemblies/Unity.Collections.BurstCompatibilityGen.dll not valid. Loading of assembly skipped.
Assembly Unity.Collections.DocCodeSamples.dll at Library/ScriptAssemblies/Unity.Collections.DocCodeSamples.dll not valid. Loading of assembly skipped.
Assembly Unity.Collections.PerformanceTests.dll at Library/ScriptAssemblies/Unity.Collections.PerformanceTests.dll not valid. Loading of assembly skipped.
Assembly Unity.Collections.Tests.dll at Library/ScriptAssemblies/Unity.Collections.Tests.dll not valid. Loading of assembly skipped.
Assembly Unity.Collections.Tests.Playmode.dll at Library/ScriptAssemblies/Unity.Collections.Tests.Playmode.dll not valid. Loading of assembly skipped.
Assembly Unity.InputSystem.IntegrationTests.dll at Library/ScriptAssemblies/Unity.InputSystem.IntegrationTests.dll not valid. Loading of assembly skipped.
Assembly Unity.Mathematics.Tests.dll at Library/ScriptAssemblies/Unity.Mathematics.Tests.dll not valid. Loading of assembly skipped.
Assembly Unity.Multiplayer.Center.Editor.Tests.dll at Library/ScriptAssemblies/Unity.Multiplayer.Center.Editor.Tests.dll not valid. Loading of assembly skipped.
Assembly Unity.Multiplayer.Center.Tests.dll at Library/ScriptAssemblies/Unity.Multiplayer.Center.Tests.dll not valid. Loading of assembly skipped.
Assembly Unity.Nuget.Mono-Cecil.dll at Library/ScriptAssemblies/Unity.Nuget.Mono-Cecil.dll not valid. Loading of assembly skipped.
Assembly Unity.PathTracing.Editor.Tests.dll at Library/ScriptAssemblies/Unity.PathTracing.Editor.Tests.dll not valid. Loading of assembly skipped.
Assembly Unity.PathTracing.Runtime.Tests.dll at Library/ScriptAssemblies/Unity.PathTracing.Runtime.Tests.dll not valid. Loading of assembly skipped.
Assembly Unity.RenderPipelines.Core.Editor.Tests.dll at Library/ScriptAssemblies/Unity.RenderPipelines.Core.Editor.Tests.dll not valid. Loading of assembly skipped.
Assembly Unity.RenderPipelines.Core.Runtime.Tests.dll at Library/ScriptAssemblies/Unity.RenderPipelines.Core.Runtime.Tests.dll not valid. Loading of assembly skipped.
Assembly Unity.RenderPipelines.Universal.Config.Editor.Tests.dll at Library/ScriptAssemblies/Unity.RenderPipelines.Universal.Config.Editor.Tests.dll not valid. Loading of assembly skipped.
Assembly Unity.RenderPipelines.Universal.Editor.Tests.dll at Library/ScriptAssemblies/Unity.RenderPipelines.Universal.Editor.Tests.dll not valid. Loading of assembly skipped.
Assembly Unity.RenderPipelines.Universal.Runtime.Tests.dll at Library/ScriptAssemblies/Unity.RenderPipelines.Universal.Runtime.Tests.dll not valid. Loading of assembly skipped.
Assembly Unity.Searcher.EditorTests.dll at Library/ScriptAssemblies/Unity.Searcher.EditorTests.dll not valid. Loading of assembly skipped.
Assembly Unity.ShaderGraph.Editor.Tests.dll at Library/ScriptAssemblies/Unity.ShaderGraph.Editor.Tests.dll not valid. Loading of assembly skipped.
Assembly Unity.TextMeshPro.Editor.Tests.dll at Library/ScriptAssemblies/Unity.TextMeshPro.Editor.Tests.dll not valid. Loading of assembly skipped.
Assembly Unity.TextMeshPro.Tests.dll at Library/ScriptAssemblies/Unity.TextMeshPro.Tests.dll not valid. Loading of assembly skipped.
Assembly Unity.UnifiedRayTracing.Editor.Tests.dll at Library/ScriptAssemblies/Unity.UnifiedRayTracing.Editor.Tests.dll not valid. Loading of assembly skipped.
Assembly UnityEditor.UI.Common.Tests.dll at Library/ScriptAssemblies/UnityEditor.UI.Common.Tests.dll not valid. Loading of assembly skipped.
Assembly UnityEditor.UI.EditorTests.dll at Library/ScriptAssemblies/UnityEditor.UI.EditorTests.dll not valid. Loading of assembly skipped.
Assembly UnityEngine.UI.Tests.dll at Library/ScriptAssemblies/UnityEngine.UI.Tests.dll not valid. Loading of assembly skipped.
Refreshing native plugins compatible for Editor in 3.09 ms, found 4 plugins.
BuildProfileContext singleton already exists.
UnityEngine.Debug:ExtractStackTraceNoAlloc (byte*,int,string)
UnityEngine.StackTraceUtility:ExtractStackTrace ()
UnityEngine.DebugLogHandler:Internal_Log (UnityEngine.LogType,UnityEngine.LogOption,string,UnityEngine.Object)
UnityEngine.DebugLogHandler:LogFormat (UnityEngine.LogType,UnityEngine.Object,string,object[])
UnityEngine.Logger:Log (UnityEngine.LogType,object)
UnityEngine.Debug:LogError (object)
UnityEditor.Build.Profile.BuildProfileContext:.ctor ()

Native extension for Android target not found
Native extension for WindowsStandalone target not found
[Package Manager] Failed to launch server process. Reason: Unity was launched with the -noUpm command-line argument
[Package Manager] Unable to send message (not connected to server process).
[Package Manager] Cannot connect to Unity Package Manager local server
[Package Manager] Failed to launch server process. Reason: Unity was launched with the -noUpm command-line argument
[Package Manager] Unable to send message (not connected to server process).
[Package Manager] Cannot connect to Unity Package Manager local server
ScheduleIndexationOnStartup MainProcess:False IndexOnStartup:True
[Licensing::Client] Successfully resolved entitlement details
Mono: successfully reloaded assembly
- Finished resetting the current domain, in  3.545 seconds
Domain Reload Profiling: 5463ms
	BeginReloadAssembly (567ms)
		DisableScriptedObjects (92ms)
		CreateAndSetChildDomain (91ms)
	RebuildCommonClasses (98ms)
	RebuildNativeTypeToScriptingClass (43ms)
	initialDomainReloadingComplete (123ms)
	LoadAllAssembliesAndSetupDomain (1085ms)
		LoadAssemblies (785ms)
		AnalyzeDomain (481ms)
			TypeCache.Refresh (10ms)
			BuildScriptInfoCaches (409ms)
			ResolveRequiredComponents (58ms)
	FinalizeReload (3546ms)
		SetupLoadedEditorAssemblies (0ms)
			InitializePlatformSupportModulesInManaged (36ms)
			BeforeProcessingInitializeOnLoad (781ms)
			ProcessInitializeOnLoadAttributes (1829ms)
			ProcessInitializeOnLoadMethodAttributes (347ms)
			AfterProcessingInitializeOnLoad (18ms)
		AwakeInstancesAfterBackupRestoration (95ms)
Refreshing native plugins compatible for Editor in 4.06 ms, found 4 plugins.
Unloading 24 Unused Serialized files (Serialized files now loaded: 0)
Unloading 7111 unused Assets / (5.9 MB). Loaded Objects now: 8029.
Memory consumption went from 178.7 MB to 172.8 MB.
Total: 24.329600 ms (FindLiveObjects: 2.047200 ms CreateObjectMapping: 3.509100 ms MarkObjects: 11.535400 ms  DeleteObjects: 7.235600 ms)

Prepare: number of updated asset objects reloaded= 0
========================================================================
Received Import Request.
  Time since last request: 821.134238 seconds.
  path: Assets/ScriptableObject/Event/Day1_GoToSchool.asset
  importAddress: Guid(7be145b14caf86a4899f0a2803919a2d) Importer(815301076,1909f56bfc062723c751e8b465ee728b)
Start importing Assets/ScriptableObject/Event/Day1_GoToSchool.asset using Guid(7be145b14caf86a4899f0a2803919a2d) Importer(815301076,1909f56bfc062723c751e8b465ee728b) (PreviewImporter) -> (Import Result ID: 'ca3e47c42393459bc47fec85b43b8fe0') in 0.0719747 seconds [static and dynamic dependencies]. Details - ImportResultOutputID=2eb382c29464a1fb1211cefdd057bf44 DependenciesID=4d9d68441385026b11eafc894ac520ea StaticDependenciesID=157be8012bc27e630479fc0e4d8145f9 
Number of updated asset objects reloaded before import = 0Number of asset objects unloaded after import = 6

========================================================================
Received Import Request.
  Time since last request: 0.000035 seconds.
  path: Assets/ScriptableObject/Event/Day07_WeeklyCheckpoint.asset
  importAddress: Guid(a207000000000000000000000000007a) Importer(815301076,1909f56bfc062723c751e8b465ee728b)
Start importing Assets/ScriptableObject/Event/Day07_WeeklyCheckpoint.asset using Guid(a207000000000000000000000000007a) Importer(815301076,1909f56bfc062723c751e8b465ee728b) (PreviewImporter) -> (Import Result ID: '639174b7a835be87c439bb0e568a5d0c') in 0.0026625 seconds [static and dynamic dependencies]. Details - ImportResultOutputID=051e28fa68396e8daa28f59521ee17b3 DependenciesID=789791a10d8bcfca579d430506b68dc1 StaticDependenciesID=c1626a935f9db833f892939d2c9909d9 
Number of updated asset objects reloaded before import = 0Number of asset objects unloaded after import = 3

========================================================================
Received Import Request.
  Time since last request: 0.000046 seconds.
  path: Assets/ScriptableObject/Event/Day14_FinalExam.asset
  importAddress: Guid(a214000000000000000000000000014a) Importer(815301076,1909f56bfc062723c751e8b465ee728b)
Start importing Assets/ScriptableObject/Event/Day14_FinalExam.asset using Guid(a214000000000000000000000000014a) Importer(815301076,1909f56bfc062723c751e8b465ee728b) (PreviewImporter) -> (Import Result ID: 'f638e7e3ce12a6e817f46f307193ab53') in 0.0033838 seconds [static and dynamic dependencies]. Details - ImportResultOutputID=d296814b6d097565031ac3f457139eb7 DependenciesID=adc361d4e227510a51e77ef175e1ecb1 StaticDependenciesID=49d2e0df9103d3bd56219bee6086a8bb 
Number of updated asset objects reloaded before import = 0Number of asset objects unloaded after import = 3

========================================================================
Received Import Request.
  Time since last request: 0.000036 seconds.
  path: Assets/ScriptableObject/Event/Day15_SemesterSummary.asset
  importAddress: Guid(a215000000000000000000000000015a) Importer(815301076,1909f56bfc062723c751e8b465ee728b)
Start importing Assets/ScriptableObject/Event/Day15_SemesterSummary.asset using Guid(a215000000000000000000000000015a) Importer(815301076,1909f56bfc062723c751e8b465ee728b) (PreviewImporter) -> (Import Result ID: '921ab52ca0664f34f1bc8e38cded93b2') in 0.0036053 seconds [static and dynamic dependencies]. Details - ImportResultOutputID=b91cf14c704dc6ecb9d941e0d782351e DependenciesID=5ba87a9892d4890d37ac44150ad9e3da StaticDependenciesID=cc5a876fe2e3f2fcdb0c440e49d89ff4 
Number of updated asset objects reloaded before import = 0Number of asset objects unloaded after import = 3

========================================================================
Received Import Request.
  Time since last request: 0.000028 seconds.
  path: Assets/ScriptableObject/Event/Day05_Quiz.asset
  importAddress: Guid(a205000000000000000000000000005a) Importer(815301076,1909f56bfc062723c751e8b465ee728b)
Start importing Assets/ScriptableObject/Event/Day05_Quiz.asset using Guid(a205000000000000000000000000005a) Importer(815301076,1909f56bfc062723c751e8b465ee728b) (PreviewImporter) -> (Import Result ID: '69ed445a1db59a94ba4a7c00710e5ab0') in 0.0026476 seconds [static and dynamic dependencies]. Details - ImportResultOutputID=17671dcb6ad4fc6d4aaf922cbac29d29 DependenciesID=86f77dbcd1552e1b17ed4ebb20fd6c74 StaticDependenciesID=7225cacc20701cc5629e51f46386680d 
Number of updated asset objects reloaded before import = 0Number of asset objects unloaded after import = 3

========================================================================
Received Import Request.
  Time since last request: 0.000051 seconds.
  path: Assets/ScriptableObject/Event/Day06_FreeDay.asset
  importAddress: Guid(a206000000000000000000000000006a) Importer(815301076,1909f56bfc062723c751e8b465ee728b)
Start importing Assets/ScriptableObject/Event/Day06_FreeDay.asset using Guid(a206000000000000000000000000006a) Importer(815301076,1909f56bfc062723c751e8b465ee728b) (PreviewImporter) -> (Import Result ID: '869e5df8b6c13a913a33e95e4f24a3a1') in 0.0040527 seconds [static and dynamic dependencies]. Details - ImportResultOutputID=cf30b99cecf6897bce3fb656e2c13cbb DependenciesID=1e86e4bb85f17a5b9d391476ca506aac StaticDependenciesID=07647f5c62d02163982df649c9dad9ae 
Number of updated asset objects reloaded before import = 0Number of asset objects unloaded after import = 3

========================================================================
Received Import Request.
  Time since last request: 0.000030 seconds.
  path: Assets/ScriptableObject/Event/Day13_StudyFinalPrep.asset
  importAddress: Guid(a213000000000000000000000000013a) Importer(815301076,1909f56bfc062723c751e8b465ee728b)
Start importing Assets/ScriptableObject/Event/Day13_StudyFinalPrep.asset using Guid(a213000000000000000000000000013a) Importer(815301076,1909f56bfc062723c751e8b465ee728b) (PreviewImporter) -> (Import Result ID: '083dca278ac0371b6e4667d20ba05b0f') in 0.0045918 seconds [static and dynamic dependencies]. Details - ImportResultOutputID=4bab182dc10e3c562083c5ee6a812bc0 DependenciesID=582d9fdc8a029ee847f0ffe71865dc1a StaticDependenciesID=8f992d14a175b743c5fe2a6784c0984c 
Number of updated asset objects reloaded before import = 0Number of asset objects unloaded after import = 3

========================================================================
Received Import Request.
  Time since last request: 0.000028 seconds.
  path: Assets/ScriptableObject/Event/Day11_Recovery.asset
  importAddress: Guid(a211000000000000000000000000011a) Importer(815301076,1909f56bfc062723c751e8b465ee728b)
Start importing Assets/ScriptableObject/Event/Day11_Recovery.asset using Guid(a211000000000000000000000000011a) Importer(815301076,1909f56bfc062723c751e8b465ee728b) (PreviewImporter) -> (Import Result ID: '2a8d356a8c6e27f1014f70ce9c929aac') in 0.0026917 seconds [static and dynamic dependencies]. Details - ImportResultOutputID=eb737b3c92bfe1f18ca25b2fbfaf7bf9 DependenciesID=2f6423420abe2c26430da2d6b7aee435 StaticDependenciesID=51cb6a45fc0617860860dd188cf515b3 
Number of updated asset objects reloaded before import = 0Number of asset objects unloaded after import = 3

========================================================================
Received Import Request.
  Time since last request: 40.249246 seconds.
  path: Assets/Quest/StartQuest.asset
  importAddress: Guid(c0312486a49b38440ab2e1bd0dd66337) Importer(815301076,1909f56bfc062723c751e8b465ee728b)
Start importing Assets/Quest/StartQuest.asset using Guid(c0312486a49b38440ab2e1bd0dd66337) Importer(815301076,1909f56bfc062723c751e8b465ee728b) (PreviewImporter) -> (Import Result ID: 'c6c87053ab9d88726090ee35dec689aa') in 0.0032733 seconds [static and dynamic dependencies]. Details - ImportResultOutputID=72e4ce5f4af58c9c49a8e98de0cfd968 DependenciesID=766359bd7bb8c1608decadfa2d97118f StaticDependenciesID=5e27639b894c86869429628d35179495 
Number of updated asset objects reloaded before import = 0Number of asset objects unloaded after import = 1

========================================================================
Received Import Request.
  Time since last request: 18.696398 seconds.
  path: Assets/Quest/StartQuest.asset
  importAddress: Guid(c0312486a49b38440ab2e1bd0dd66337) Importer(815301076,1909f56bfc062723c751e8b465ee728b)
Start importing Assets/Quest/StartQuest.asset using Guid(c0312486a49b38440ab2e1bd0dd66337) Importer(815301076,1909f56bfc062723c751e8b465ee728b) (PreviewImporter) -> (Import Result ID: 'a621a6bb1a076deb7b8a9481dee2e7d3') in 0.0062735 seconds [static and dynamic dependencies]. Details - ImportResultOutputID=72e4ce5f4af58c9c49a8e98de0cfd968 DependenciesID=eb312d42bb19e2612ec3992657c4db92 StaticDependenciesID=c403dd3d87e3c0d4a456abb5ae9bc58e 
Number of updated asset objects reloaded before import = 0Number of asset objects unloaded after import = 1

========================================================================
Received Import Request.
  Time since last request: 13.727486 seconds.
  path: Assets/Quest/StartQuest.asset
  importAddress: Guid(c0312486a49b38440ab2e1bd0dd66337) Importer(815301076,1909f56bfc062723c751e8b465ee728b)
Start importing Assets/Quest/StartQuest.asset using Guid(c0312486a49b38440ab2e1bd0dd66337) Importer(815301076,1909f56bfc062723c751e8b465ee728b) (PreviewImporter) -> (Import Result ID: '86d9871e49737d80106c9250fd296ca1') in 0.0069761 seconds [static and dynamic dependencies]. Details - ImportResultOutputID=72e4ce5f4af58c9c49a8e98de0cfd968 DependenciesID=cf720686fe0885bdfdf51d221dabcba7 StaticDependenciesID=b04b5930c80194f1cb2f7e22720e5d5e 
Number of updated asset objects reloaded before import = 0Number of asset objects unloaded after import = 1

========================================================================
Received Import Request.
  Time since last request: 8.746455 seconds.
  path: Assets/Quest/SidePilot
  importAddress: Guid(5908be79f162a724ba5adebd53f9e93f) Importer(815301076,1909f56bfc062723c751e8b465ee728b)
Start importing Assets/Quest/SidePilot using Guid(5908be79f162a724ba5adebd53f9e93f) Importer(815301076,1909f56bfc062723c751e8b465ee728b) (PreviewImporter) -> (Import Result ID: '72a6d156301ca915df4cc315aaaee60e') in 0.0010417 seconds [static and dynamic dependencies]. Details - ImportResultOutputID=62470a2b360739f8ede84703349de964 DependenciesID=12fa23816aa1c1bef2fc2918b25a3053 StaticDependenciesID=a994909cb3e16b0bea34c61adc389250 
Number of updated asset objects reloaded before import = 0Number of asset objects unloaded after import = 0

========================================================================
Received Import Request.
  Time since last request: 0.000057 seconds.
  path: Assets/Quest/SidePilot/Side_D01_ChatShiba.asset
  importAddress: Guid(70823ccee7ba4e0a964bfe0e789f82c9) Importer(815301076,1909f56bfc062723c751e8b465ee728b)
Start importing Assets/Quest/SidePilot/Side_D01_ChatShiba.asset using Guid(70823ccee7ba4e0a964bfe0e789f82c9) Importer(815301076,1909f56bfc062723c751e8b465ee728b) (PreviewImporter) -> (Import Result ID: 'b4d41e54e1136a6363d304acf9f8f396') in 0.0030567 seconds [static and dynamic dependencies]. Details - ImportResultOutputID=d001ec1c323995a6236e5abc0a232b7a DependenciesID=e632a908330865361d9b51441b760841 StaticDependenciesID=7d2a754d4d7a98ffedc87b6105420035 
Number of updated asset objects reloaded before import = 0Number of asset objects unloaded after import = 1

========================================================================
Received Import Request.
  Time since last request: 0.000040 seconds.
  path: Assets/Quest/SidePilot/Side_D02_ChatLC.asset
  importAddress: Guid(ce0f021aa2e441e681a4d8a13fc844b2) Importer(815301076,1909f56bfc062723c751e8b465ee728b)
Start importing Assets/Quest/SidePilot/Side_D02_ChatLC.asset using Guid(ce0f021aa2e441e681a4d8a13fc844b2) Importer(815301076,1909f56bfc062723c751e8b465ee728b) (PreviewImporter) -> (Import Result ID: 'fa6f6b4d785f42d7b1dcdbc1e25e4a94') in 0.0029727 seconds [static and dynamic dependencies]. Details - ImportResultOutputID=0712ece2ffaeef0ed1f4bba21d3df28b DependenciesID=c750ec4548df2cb03f89459cfe24109f StaticDependenciesID=3aaf9c5c67027284c73d71fe0715a0a6 
Number of updated asset objects reloaded before import = 0Number of asset objects unloaded after import = 1

========================================================================
Received Import Request.
  Time since last request: 7.613309 seconds.
  path: Assets/Quest/SidePilot/SIDE_QUEST_ROSTER.txt
  importAddress: Guid(2e2cabf7073533446b2d5a0afa862d6f) Importer(815301076,1909f56bfc062723c751e8b465ee728b)
Start importing Assets/Quest/SidePilot/SIDE_QUEST_ROSTER.txt using Guid(2e2cabf7073533446b2d5a0afa862d6f) Importer(815301076,1909f56bfc062723c751e8b465ee728b) (PreviewImporter) -> (Import Result ID: 'bd07b474acb40469c4932f05f5a917c0') in 0.0038708 seconds [static and dynamic dependencies]. Details - ImportResultOutputID=ac66e8ba82fc09f9880b210c5d17ab75 DependenciesID=f87784a712812f640f5a91101e7da59e StaticDependenciesID=7f69351a0933983b8fc912730c555160 
Number of updated asset objects reloaded before import = 0Number of asset objects unloaded after import = 1

========================================================================
Received Import Request.
  Time since last request: 18.662739 seconds.
  path: Assets/Quest/CampaignStudy
  importAddress: Guid(b6174dacf84593540817f36ceb011ba6) Importer(815301076,1909f56bfc062723c751e8b465ee728b)
Start importing Assets/Quest/CampaignStudy using Guid(b6174dacf84593540817f36ceb011ba6) Importer(815301076,1909f56bfc062723c751e8b465ee728b) (PreviewImporter) -> (Import Result ID: '91b6995aae3012a2d648abfce7e22312') in 0.0010154 seconds [static and dynamic dependencies]. Details - ImportResultOutputID=2f957344738e43d7c1d795b854f3a890 DependenciesID=277bd48a0028b14490b0188c85c44b81 StaticDependenciesID=eff1651948f52bc1872cde974209c6de 
Number of updated asset objects reloaded before import = 0Number of asset objects unloaded after import = 0

========================================================================
Received Import Request.
  Time since last request: 0.015216 seconds.
  path: Assets/Quest/CampaignStudy/Camp_Q_study_cls_sem1_04.asset
  importAddress: Guid(72e42cab24821a7469d094e003f758a0) Importer(815301076,1909f56bfc062723c751e8b465ee728b)
Start importing Assets/Quest/CampaignStudy/Camp_Q_study_cls_sem1_04.asset using Guid(72e42cab24821a7469d094e003f758a0) Importer(815301076,1909f56bfc062723c751e8b465ee728b) (PreviewImporter) -> (Import Result ID: '1c0d13cf163137e345bbcfb5d651f607') in 0.0197098 seconds [static and dynamic dependencies]. Details - ImportResultOutputID=22e6a5f556ffd24816c9710597cd3dd3 DependenciesID=6c11503f650bc995238fdcef5f486c48 StaticDependenciesID=b1c8bb7433c682bfaa2ca153ebde1dfe 
Number of updated asset objects reloaded before import = 0Number of asset objects unloaded after import = 1

========================================================================
Received Import Request.
  Time since last request: 0.000046 seconds.
  path: Assets/Quest/CampaignStudy/Camp_Q_study_cls_sem1_07.asset
  importAddress: Guid(e9b95ccdbea62b44497e72cb798d4e55) Importer(815301076,1909f56bfc062723c751e8b465ee728b)
Start importing Assets/Quest/CampaignStudy/Camp_Q_study_cls_sem1_07.asset using Guid(e9b95ccdbea62b44497e72cb798d4e55) Importer(815301076,1909f56bfc062723c751e8b465ee728b) (PreviewImporter) -> (Import Result ID: 'f1e8b64592007711dce158c49f6aefda') in 0.0060324 seconds [static and dynamic dependencies]. Details - ImportResultOutputID=3758eb3a93237d616ecfc33eefe6ed35 DependenciesID=26e2ca026b9a5bdba40ad49153cea300 StaticDependenciesID=3b34758d9ee34383704065ad61c890e0 
Number of updated asset objects reloaded before import = 0Number of asset objects unloaded after import = 1

========================================================================
Received Import Request.
  Time since last request: 0.000053 seconds.
  path: Assets/Quest/CampaignStudy/Camp_Q_study_cls_sem1_14.asset
  importAddress: Guid(3c866428daf36ea46a627597b470a9ab) Importer(815301076,1909f56bfc062723c751e8b465ee728b)
Start importing Assets/Quest/CampaignStudy/Camp_Q_study_cls_sem1_14.asset using Guid(3c866428daf36ea46a627597b470a9ab) Importer(815301076,1909f56bfc062723c751e8b465ee728b) (PreviewImporter) -> (Import Result ID: 'b2ec0bea991989a798ef6505c7734f3b') in 0.0225849 seconds [static and dynamic dependencies]. Details - ImportResultOutputID=7265e64d366e82d31d068be8f6d81351 DependenciesID=e8f415d31c3b400daec206cd30e44b7a StaticDependenciesID=7880fe4c72bb8f951527f5c5f48d966a 
Number of updated asset objects reloaded before import = 0Number of asset objects unloaded after import = 1

========================================================================
Received Import Request.
  Time since last request: 0.000048 seconds.
  path: Assets/Quest/CampaignStudy/Camp_Q_study_eve_sem1_04.asset
  importAddress: Guid(9cdd3582dfe7a8a46a582aa827195f18) Importer(815301076,1909f56bfc062723c751e8b465ee728b)
Start importing Assets/Quest/CampaignStudy/Camp_Q_study_eve_sem1_04.asset using Guid(9cdd3582dfe7a8a46a582aa827195f18) Importer(815301076,1909f56bfc062723c751e8b465ee728b) (PreviewImporter) -> (Import Result ID: '33a8d462e7e809253e9292d1910de62e') in 0.0041289 seconds [static and dynamic dependencies]. Details - ImportResultOutputID=b4a6a37eb1c65d3980319b86e1e69b2d DependenciesID=ace33a25f6c12e01a293606c1aa8b754 StaticDependenciesID=c71d74b15f57fe74ae57053319e4a3c1 
Number of updated asset objects reloaded before import = 0Number of asset objects unloaded after import = 1

========================================================================
Received Import Request.
  Time since last request: 0.050308 seconds.
  path: Assets/Quest/CampaignStudy/Camp_Q_study_cls_sem1_05.asset
  importAddress: Guid(f7b831c7f6d0e2e4f9d7a82b029a478d) Importer(815301076,1909f56bfc062723c751e8b465ee728b)
Start importing Assets/Quest/CampaignStudy/Camp_Q_study_cls_sem1_05.asset using Guid(f7b831c7f6d0e2e4f9d7a82b029a478d) Importer(815301076,1909f56bfc062723c751e8b465ee728b) (PreviewImporter) -> (Import Result ID: '51a39603c54334d4fb5a97e86abd2094') in 0.003158 seconds [static and dynamic dependencies]. Details - ImportResultOutputID=f02575b4a46affb7459ee910b6b9de3a DependenciesID=9ae7c2ff86671edba3670f9e979fddff StaticDependenciesID=982cac9b1ababf0dede82d6218089814 
Number of updated asset objects reloaded before import = 0Number of asset objects unloaded after import = 1

========================================================================
Received Import Request.
  Time since last request: 0.000050 seconds.
  path: Assets/Quest/CampaignStudy/Camp_Q_study_cls_sem1_12.asset
  importAddress: Guid(ecba221565bfbc54eb3a3ef40ec6c42b) Importer(815301076,1909f56bfc062723c751e8b465ee728b)
Start importing Assets/Quest/CampaignStudy/Camp_Q_study_cls_sem1_12.asset using Guid(ecba221565bfbc54eb3a3ef40ec6c42b) Importer(815301076,1909f56bfc062723c751e8b465ee728b) (PreviewImporter) -> (Import Result ID: 'f8ca7b135d1fb611f12ccb795fcd92cd') in 0.0434308 seconds [static and dynamic dependencies]. Details - ImportResultOutputID=4eabadd23d435cd34dbf2f3b3b670680 DependenciesID=b6f93100d3b5f08950e452e8ca10e8f8 StaticDependenciesID=1b16866a17277030115c51bc838f5b70 
Number of updated asset objects reloaded before import = 0Number of asset objects unloaded after import = 1

========================================================================
Received Import Request.
  Time since last request: 0.000039 seconds.
  path: Assets/Quest/CampaignStudy/Camp_Q_study_cls_sem1_08.asset
  importAddress: Guid(1c4cee6526528bc45a0f867c6d857735) Importer(815301076,1909f56bfc062723c751e8b465ee728b)
Start importing Assets/Quest/CampaignStudy/Camp_Q_study_cls_sem1_08.asset using Guid(1c4cee6526528bc45a0f867c6d857735) Importer(815301076,1909f56bfc062723c751e8b465ee728b) (PreviewImporter) -> (Import Result ID: '25fdfda3c7b608b0ded8193a062cfc31') in 0.0044887 seconds [static and dynamic dependencies]. Details - ImportResultOutputID=da4da51693131f40bd640cad32619038 DependenciesID=82a892f0db04394a128b68fafbdb02bc StaticDependenciesID=4859879ffc41e709435f07925504308b 
Number of updated asset objects reloaded before import = 0Number of asset objects unloaded after import = 1

========================================================================
Received Import Request.
  Time since last request: 0.000046 seconds.
  path: Assets/Quest/CampaignStudy/Camp_Q_study_eve_sem1_15.asset
  importAddress: Guid(eff952797c9cc9e4480bde8b4167d16a) Importer(815301076,1909f56bfc062723c751e8b465ee728b)
Start importing Assets/Quest/CampaignStudy/Camp_Q_study_eve_sem1_15.asset using Guid(eff952797c9cc9e4480bde8b4167d16a) Importer(815301076,1909f56bfc062723c751e8b465ee728b) (PreviewImporter) -> (Import Result ID: 'e085a04c62e12cf694f5cd4c83f818cf') in 0.005507 seconds [static and dynamic dependencies]. Details - ImportResultOutputID=748d9f38f12acda06ab0b7aa73ae1301 DependenciesID=ec8ea67fd72141ee8d15614027a01c27 StaticDependenciesID=94a008c664312d05ee8a6a0868dd467a 
Number of updated asset objects reloaded before import = 0Number of asset objects unloaded after import = 1

========================================================================
Received Import Request.
  Time since last request: 0.000038 seconds.
  path: Assets/Quest/CampaignStudy/Camp_Q_study_cls_sem1_11.asset
  importAddress: Guid(166799885af0dde4fab1bd1da5cae81b) Importer(815301076,1909f56bfc062723c751e8b465ee728b)
Start importing Assets/Quest/CampaignStudy/Camp_Q_study_cls_sem1_11.asset using Guid(166799885af0dde4fab1bd1da5cae81b) Importer(815301076,1909f56bfc062723c751e8b465ee728b) (PreviewImporter) -> (Import Result ID: '3e2911caeaa3b3bcc8f0f3951f6d5972') in 0.0026186 seconds [static and dynamic dependencies]. Details - ImportResultOutputID=e127f0a3332f3078513ad3a682e50124 DependenciesID=9d942135712be446ab4aa86979ed3268 StaticDependenciesID=ea6b0b806bcfce9a6c0eeaf6b1cf86f8 
Number of updated asset objects reloaded before import = 0Number of asset objects unloaded after import = 1

========================================================================
Received Import Request.
  Time since last request: 0.000050 seconds.
  path: Assets/Quest/CampaignStudy/Camp_Q_study_eve_sem1_11.asset
  importAddress: Guid(a676ad9ffaf4d0f48b1a6c8863602ee0) Importer(815301076,1909f56bfc062723c751e8b465ee728b)
Start importing Assets/Quest/CampaignStudy/Camp_Q_study_eve_sem1_11.asset using Guid(a676ad9ffaf4d0f48b1a6c8863602ee0) Importer(815301076,1909f56bfc062723c751e8b465ee728b) (PreviewImporter) -> (Import Result ID: '41a952c74bf2997794d3aea55fec8538') in 0.0042398 seconds [static and dynamic dependencies]. Details - ImportResultOutputID=b4d7f45bbf2f7efc208a7c4c53bf1647 DependenciesID=5fd2aaa0edce8a794ad7973f5c8346a3 StaticDependenciesID=6cf37e421aa99e42677ce57e913cf504 
Number of updated asset objects reloaded before import = 0Number of asset objects unloaded after import = 1

========================================================================
Received Import Request.
  Time since last request: 0.000048 seconds.
  path: Assets/Quest/CampaignStudy/Camp_Q_study_eve_sem1_13.asset
  importAddress: Guid(2ec55e5668955114a960dd177f879e78) Importer(815301076,1909f56bfc062723c751e8b465ee728b)
Start importing Assets/Quest/CampaignStudy/Camp_Q_study_eve_sem1_13.asset using Guid(2ec55e5668955114a960dd177f879e78) Importer(815301076,1909f56bfc062723c751e8b465ee728b) (PreviewImporter) -> (Import Result ID: '6247b5d2e75fd26f3845df7e8cef8fae') in 0.0021759 seconds [static and dynamic dependencies]. Details - ImportResultOutputID=47e2ae95df97699aa7c0ae0d6e34e9cc DependenciesID=e65903b8c0d1d6bf6f1e9e9e4b61000e StaticDependenciesID=49e6fdef0f6ae68db0e31828f9ca06dd 
Number of updated asset objects reloaded before import = 0Number of asset objects unloaded after import = 1

========================================================================
Received Import Request.
  Time since last request: 0.426943 seconds.
  path: Assets/Quest/CampaignStudy/Camp_Q_study_eve_sem1_06.asset
  importAddress: Guid(e62449c86e6e80c4baa428acc4843f73) Importer(815301076,1909f56bfc062723c751e8b465ee728b)
Start importing Assets/Quest/CampaignStudy/Camp_Q_study_eve_sem1_06.asset using Guid(e62449c86e6e80c4baa428acc4843f73) Importer(815301076,1909f56bfc062723c751e8b465ee728b) (PreviewImporter) -> (Import Result ID: 'ce1717055aa585d466be3ab3ba84c64b') in 0.0075334 seconds [static and dynamic dependencies]. Details - ImportResultOutputID=c316785ab005ccb381e4cd0c52ce4fb5 DependenciesID=32871bc1322035ab1fc8b67286078108 StaticDependenciesID=874fa6791eecbc795b6301d1f50c859a 
Number of updated asset objects reloaded before import = 0Number of asset objects unloaded after import = 1

========================================================================
Received Import Request.
  Time since last request: 0.000038 seconds.
  path: Assets/Quest/CampaignStudy/Camp_Q_study_cls_sem1_06.asset
  importAddress: Guid(67d6d808005516640a90dd162c0c5637) Importer(815301076,1909f56bfc062723c751e8b465ee728b)
Start importing Assets/Quest/CampaignStudy/Camp_Q_study_cls_sem1_06.asset using Guid(67d6d808005516640a90dd162c0c5637) Importer(815301076,1909f56bfc062723c751e8b465ee728b) (PreviewImporter) -> (Import Result ID: 'b0d6e30979523210df7a2bb3dd4a3b12') in 0.0021905 seconds [static and dynamic dependencies]. Details - ImportResultOutputID=67102d89aa9ebf01338870cdb4bcb0ee DependenciesID=2c6c236a447b34e9b8e1332d9801d646 StaticDependenciesID=4e1cf83cf9691c94888e200377d13d36 
Number of updated asset objects reloaded before import = 0Number of asset objects unloaded after import = 1

========================================================================
Received Import Request.
  Time since last request: 0.000043 seconds.
  path: Assets/Quest/CampaignStudy/Camp_Q_study_cls_sem1_10.asset
  importAddress: Guid(8fc3eae873913d644b32b884e2cf0d4e) Importer(815301076,1909f56bfc062723c751e8b465ee728b)
Start importing Assets/Quest/CampaignStudy/Camp_Q_study_cls_sem1_10.asset using Guid(8fc3eae873913d644b32b884e2cf0d4e) Importer(815301076,1909f56bfc062723c751e8b465ee728b) (PreviewImporter) -> (Import Result ID: '78bbcbbde9c56320de067a547812905b') in 0.0026312 seconds [static and dynamic dependencies]. Details - ImportResultOutputID=274ecbbbcffd46f76561d52368bc0475 DependenciesID=48aef8f27d526f33b77da0734a9fa57a StaticDependenciesID=d066ff57f509ade8ac8d6296bd22d310 
Number of updated asset objects reloaded before import = 0Number of asset objects unloaded after import = 1

========================================================================
Received Prepare
Begin MonoManager ReloadAssembly
[Licensing::Client] Successfully resolved entitlement details
You may not pass in objects that are already persistent
UnityEngine.Debug:ExtractStackTraceNoAlloc (byte*,int,string)
UnityEngine.StackTraceUtility:ExtractStackTrace ()
UnityEditorInternal.InternalEditorUtility:SaveToSerializedFileAndForgetInternal (string,UnityEngine.Object[],bool)
UnityEditorInternal.InternalEditorUtility:SaveToSerializedFileAndForget (UnityEngine.Object[],string,bool)
UnityEditor.Build.Profile.BuildProfileContext:Save ()
UnityEditor.Build.Profile.BuildProfileContext:OnDisable ()

[C:\build\output\unity\unity\Editor\Src\EditorWindowController.cpp line 138]

You may not pass in objects that are already persistent
UnityEngine.Debug:ExtractStackTraceNoAlloc (byte*,int,string)
UnityEngine.StackTraceUtility:ExtractStackTrace ()
UnityEditorInternal.InternalEditorUtility:SaveToSerializedFileAndForgetInternal (string,UnityEngine.Object[],bool)
UnityEditorInternal.InternalEditorUtility:SaveToSerializedFileAndForget (UnityEngine.Object[],string,bool)
UnityEditor.Build.Profile.BuildProfileContext:Save ()
UnityEditor.Build.Profile.BuildProfileContext:OnDisable ()

[C:\build\output\unity\unity\Editor\Src\EditorWindowController.cpp line 138]

Assembly Assembly-CSharp-Editor-firstpass.dll at Library/ScriptAssemblies/Assembly-CSharp-Editor-firstpass.dll not valid. Loading of assembly skipped.
Assembly Assembly-CSharp-firstpass.dll at Library/ScriptAssemblies/Assembly-CSharp-firstpass.dll not valid. Loading of assembly skipped.
Assembly DocCodeExamples.dll at Library/ScriptAssemblies/DocCodeExamples.dll not valid. Loading of assembly skipped.
Assembly TestNewCustomAssembly.dll at Library/ScriptAssemblies/TestNewCustomAssembly.dll not valid. Loading of assembly skipped.
Assembly Unity.2D.Animation.EditorTests.dll at Library/ScriptAssemblies/Unity.2D.Animation.EditorTests.dll not valid. Loading of assembly skipped.
Assembly Unity.2D.Aseprite.EditorTests.dll at Library/ScriptAssemblies/Unity.2D.Aseprite.EditorTests.dll not valid. Loading of assembly skipped.
Assembly Unity.2D.Common.EditorTests.dll at Library/ScriptAssemblies/Unity.2D.Common.EditorTests.dll not valid. Loading of assembly skipped.
Assembly Unity.2D.Psdimporter.EditorTests.dll at Library/ScriptAssemblies/Unity.2D.Psdimporter.EditorTests.dll not valid. Loading of assembly skipped.
Assembly Unity.2D.Sprite.Package.EditorTests.dll at Library/ScriptAssemblies/Unity.2D.Sprite.Package.EditorTests.dll not valid. Loading of assembly skipped.
Assembly Unity.2D.SpriteShape.EditorTests.dll at Library/ScriptAssemblies/Unity.2D.SpriteShape.EditorTests.dll not valid. Loading of assembly skipped.
Assembly Unity.2D.Tilemap.Package.EditorTests.dll at Library/ScriptAssemblies/Unity.2D.Tilemap.Package.EditorTests.dll not valid. Loading of assembly skipped.
Assembly Unity.Collections.BurstCompatibilityGen.dll at Library/ScriptAssemblies/Unity.Collections.BurstCompatibilityGen.dll not valid. Loading of assembly skipped.
Assembly Unity.Collections.DocCodeSamples.dll at Library/ScriptAssemblies/Unity.Collections.DocCodeSamples.dll not valid. Loading of assembly skipped.
Assembly Unity.Collections.PerformanceTests.dll at Library/ScriptAssemblies/Unity.Collections.PerformanceTests.dll not valid. Loading of assembly skipped.
Assembly Unity.Collections.Tests.dll at Library/ScriptAssemblies/Unity.Collections.Tests.dll not valid. Loading of assembly skipped.
Assembly Unity.Collections.Tests.Playmode.dll at Library/ScriptAssemblies/Unity.Collections.Tests.Playmode.dll not valid. Loading of assembly skipped.
Assembly Unity.InputSystem.IntegrationTests.dll at Library/ScriptAssemblies/Unity.InputSystem.IntegrationTests.dll not valid. Loading of assembly skipped.
Assembly Unity.Mathematics.Tests.dll at Library/ScriptAssemblies/Unity.Mathematics.Tests.dll not valid. Loading of assembly skipped.
Assembly Unity.Multiplayer.Center.Editor.Tests.dll at Library/ScriptAssemblies/Unity.Multiplayer.Center.Editor.Tests.dll not valid. Loading of assembly skipped.
Assembly Unity.Multiplayer.Center.Tests.dll at Library/ScriptAssemblies/Unity.Multiplayer.Center.Tests.dll not valid. Loading of assembly skipped.
Assembly Unity.Nuget.Mono-Cecil.dll at Library/ScriptAssemblies/Unity.Nuget.Mono-Cecil.dll not valid. Loading of assembly skipped.
Assembly Unity.PathTracing.Editor.Tests.dll at Library/ScriptAssemblies/Unity.PathTracing.Editor.Tests.dll not valid. Loading of assembly skipped.
Assembly Unity.PathTracing.Runtime.Tests.dll at Library/ScriptAssemblies/Unity.PathTracing.Runtime.Tests.dll not valid. Loading of assembly skipped.
Assembly Unity.RenderPipelines.Core.Editor.Tests.dll at Library/ScriptAssemblies/Unity.RenderPipelines.Core.Editor.Tests.dll not valid. Loading of assembly skipped.
Assembly Unity.RenderPipelines.Core.Runtime.Tests.dll at Library/ScriptAssemblies/Unity.RenderPipelines.Core.Runtime.Tests.dll not valid. Loading of assembly skipped.
Assembly Unity.RenderPipelines.Universal.Config.Editor.Tests.dll at Library/ScriptAssemblies/Unity.RenderPipelines.Universal.Config.Editor.Tests.dll not valid. Loading of assembly skipped.
Assembly Unity.RenderPipelines.Universal.Editor.Tests.dll at Library/ScriptAssemblies/Unity.RenderPipelines.Universal.Editor.Tests.dll not valid. Loading of assembly skipped.
Assembly Unity.RenderPipelines.Universal.Runtime.Tests.dll at Library/ScriptAssemblies/Unity.RenderPipelines.Universal.Runtime.Tests.dll not valid. Loading of assembly skipped.
Assembly Unity.Searcher.EditorTests.dll at Library/ScriptAssemblies/Unity.Searcher.EditorTests.dll not valid. Loading of assembly skipped.
Assembly Unity.ShaderGraph.Editor.Tests.dll at Library/ScriptAssemblies/Unity.ShaderGraph.Editor.Tests.dll not valid. Loading of assembly skipped.
Assembly Unity.TextMeshPro.Editor.Tests.dll at Library/ScriptAssemblies/Unity.TextMeshPro.Editor.Tests.dll not valid. Loading of assembly skipped.
Assembly Unity.TextMeshPro.Tests.dll at Library/ScriptAssemblies/Unity.TextMeshPro.Tests.dll not valid. Loading of assembly skipped.
Assembly Unity.UnifiedRayTracing.Editor.Tests.dll at Library/ScriptAssemblies/Unity.UnifiedRayTracing.Editor.Tests.dll not valid. Loading of assembly skipped.
Assembly UnityEditor.UI.Common.Tests.dll at Library/ScriptAssemblies/UnityEditor.UI.Common.Tests.dll not valid. Loading of assembly skipped.
Assembly UnityEditor.UI.EditorTests.dll at Library/ScriptAssemblies/UnityEditor.UI.EditorTests.dll not valid. Loading of assembly skipped.
Assembly UnityEngine.UI.Tests.dll at Library/ScriptAssemblies/UnityEngine.UI.Tests.dll not valid. Loading of assembly skipped.
Refreshing native plugins compatible for Editor in 3.02 ms, found 4 plugins.
BuildProfileContext singleton already exists.
UnityEngine.Debug:ExtractStackTraceNoAlloc (byte*,int,string)
UnityEngine.StackTraceUtility:ExtractStackTrace ()
UnityEngine.DebugLogHandler:Internal_Log (UnityEngine.LogType,UnityEngine.LogOption,string,UnityEngine.Object)
UnityEngine.DebugLogHandler:LogFormat (UnityEngine.LogType,UnityEngine.Object,string,object[])
UnityEngine.Logger:Log (UnityEngine.LogType,object)
UnityEngine.Debug:LogError (object)
UnityEditor.Build.Profile.BuildProfileContext:.ctor ()

Native extension for Android target not found
Native extension for WindowsStandalone target not found
[Package Manager] Failed to launch server process. Reason: Unity was launched with the -noUpm command-line argument
[Package Manager] Unable to send message (not connected to server process).
[Package Manager] Cannot connect to Unity Package Manager local server
[Package Manager] Failed to launch server process. Reason: Unity was launched with the -noUpm command-line argument
[Package Manager] Unable to send message (not connected to server process).
[Package Manager] Cannot connect to Unity Package Manager local server
ScheduleIndexationOnStartup MainProcess:False IndexOnStartup:True
[Licensing::Client] Successfully resolved entitlement details
Mono: successfully reloaded assembly
- Finished resetting the current domain, in  2.540 seconds
Domain Reload Profiling: 6547ms
	BeginReloadAssembly (519ms)
		DisableScriptedObjects (101ms)
		CreateAndSetChildDomain (96ms)
	RebuildCommonClasses (90ms)
	RebuildNativeTypeToScriptingClass (32ms)
	initialDomainReloadingComplete (131ms)
	LoadAllAssembliesAndSetupDomain (3233ms)
		LoadAssemblies (2865ms)
		AnalyzeDomain (576ms)
			TypeCache.Refresh (23ms)
				TypeCache.ScanAssembly (3ms)
			BuildScriptInfoCaches (519ms)
			ResolveRequiredComponents (31ms)
	FinalizeReload (2541ms)
		SetupLoadedEditorAssemblies (0ms)
			InitializePlatformSupportModulesInManaged (21ms)
			BeforeProcessingInitializeOnLoad (560ms)
			ProcessInitializeOnLoadAttributes (1137ms)
			ProcessInitializeOnLoadMethodAttributes (212ms)
			AfterProcessingInitializeOnLoad (12ms)
		AwakeInstancesAfterBackupRestoration (71ms)
Refreshing native plugins compatible for Editor in 3.83 ms, found 4 plugins.
Unloading 24 Unused Serialized files (Serialized files now loaded: 0)
Unloading 7111 unused Assets / (6.4 MB). Loaded Objects now: 8032.
Memory consumption went from 168.9 MB to 162.5 MB.
Total: 22.660200 ms (FindLiveObjects: 2.110000 ms CreateObjectMapping: 2.353200 ms MarkObjects: 10.871600 ms  DeleteObjects: 7.322400 ms)

Prepare: number of updated asset objects reloaded= 0
========================================================================
Received Prepare
Begin MonoManager ReloadAssembly
You may not pass in objects that are already persistent
UnityEngine.Debug:ExtractStackTraceNoAlloc (byte*,int,string)
UnityEngine.StackTraceUtility:ExtractStackTrace ()
UnityEditorInternal.InternalEditorUtility:SaveToSerializedFileAndForgetInternal (string,UnityEngine.Object[],bool)
UnityEditorInternal.InternalEditorUtility:SaveToSerializedFileAndForget (UnityEngine.Object[],string,bool)
UnityEditor.Build.Profile.BuildProfileContext:Save ()
UnityEditor.Build.Profile.BuildProfileContext:OnDisable ()

[C:\build\output\unity\unity\Editor\Src\EditorWindowController.cpp line 138]

You may not pass in objects that are already persistent
UnityEngine.Debug:ExtractStackTraceNoAlloc (byte*,int,string)
UnityEngine.StackTraceUtility:ExtractStackTrace ()
UnityEditorInternal.InternalEditorUtility:SaveToSerializedFileAndForgetInternal (string,UnityEngine.Object[],bool)
UnityEditorInternal.InternalEditorUtility:SaveToSerializedFileAndForget (UnityEngine.Object[],string,bool)
UnityEditor.Build.Profile.BuildProfileContext:Save ()
UnityEditor.Build.Profile.BuildProfileContext:OnDisable ()

[C:\build\output\unity\unity\Editor\Src\EditorWindowController.cpp line 138]

Assembly Assembly-CSharp-Editor-firstpass.dll at Library/ScriptAssemblies/Assembly-CSharp-Editor-firstpass.dll not valid. Loading of assembly skipped.
Assembly Assembly-CSharp-firstpass.dll at Library/ScriptAssemblies/Assembly-CSharp-firstpass.dll not valid. Loading of assembly skipped.
Assembly DocCodeExamples.dll at Library/ScriptAssemblies/DocCodeExamples.dll not valid. Loading of assembly skipped.
Assembly TestNewCustomAssembly.dll at Library/ScriptAssemblies/TestNewCustomAssembly.dll not valid. Loading of assembly skipped.
Assembly Unity.2D.Animation.EditorTests.dll at Library/ScriptAssemblies/Unity.2D.Animation.EditorTests.dll not valid. Loading of assembly skipped.
Assembly Unity.2D.Aseprite.EditorTests.dll at Library/ScriptAssemblies/Unity.2D.Aseprite.EditorTests.dll not valid. Loading of assembly skipped.
Assembly Unity.2D.Common.EditorTests.dll at Library/ScriptAssemblies/Unity.2D.Common.EditorTests.dll not valid. Loading of assembly skipped.
Assembly Unity.2D.Psdimporter.EditorTests.dll at Library/ScriptAssemblies/Unity.2D.Psdimporter.EditorTests.dll not valid. Loading of assembly skipped.
Assembly Unity.2D.Sprite.Package.EditorTests.dll at Library/ScriptAssemblies/Unity.2D.Sprite.Package.EditorTests.dll not valid. Loading of assembly skipped.
Assembly Unity.2D.SpriteShape.EditorTests.dll at Library/ScriptAssemblies/Unity.2D.SpriteShape.EditorTests.dll not valid. Loading of assembly skipped.
Assembly Unity.2D.Tilemap.Package.EditorTests.dll at Library/ScriptAssemblies/Unity.2D.Tilemap.Package.EditorTests.dll not valid. Loading of assembly skipped.
Assembly Unity.Collections.BurstCompatibilityGen.dll at Library/ScriptAssemblies/Unity.Collections.BurstCompatibilityGen.dll not valid. Loading of assembly skipped.
Assembly Unity.Collections.DocCodeSamples.dll at Library/ScriptAssemblies/Unity.Collections.DocCodeSamples.dll not valid. Loading of assembly skipped.
Assembly Unity.Collections.PerformanceTests.dll at Library/ScriptAssemblies/Unity.Collections.PerformanceTests.dll not valid. Loading of assembly skipped.
Assembly Unity.Collections.Tests.dll at Library/ScriptAssemblies/Unity.Collections.Tests.dll not valid. Loading of assembly skipped.
Assembly Unity.Collections.Tests.Playmode.dll at Library/ScriptAssemblies/Unity.Collections.Tests.Playmode.dll not valid. Loading of assembly skipped.
Assembly Unity.InputSystem.IntegrationTests.dll at Library/ScriptAssemblies/Unity.InputSystem.IntegrationTests.dll not valid. Loading of assembly skipped.
Assembly Unity.Mathematics.Tests.dll at Library/ScriptAssemblies/Unity.Mathematics.Tests.dll not valid. Loading of assembly skipped.
Assembly Unity.Multiplayer.Center.Editor.Tests.dll at Library/ScriptAssemblies/Unity.Multiplayer.Center.Editor.Tests.dll not valid. Loading of assembly skipped.
Assembly Unity.Multiplayer.Center.Tests.dll at Library/ScriptAssemblies/Unity.Multiplayer.Center.Tests.dll not valid. Loading of assembly skipped.
Assembly Unity.Nuget.Mono-Cecil.dll at Library/ScriptAssemblies/Unity.Nuget.Mono-Cecil.dll not valid. Loading of assembly skipped.
Assembly Unity.PathTracing.Editor.Tests.dll at Library/ScriptAssemblies/Unity.PathTracing.Editor.Tests.dll not valid. Loading of assembly skipped.
Assembly Unity.PathTracing.Runtime.Tests.dll at Library/ScriptAssemblies/Unity.PathTracing.Runtime.Tests.dll not valid. Loading of assembly skipped.
Assembly Unity.RenderPipelines.Core.Editor.Tests.dll at Library/ScriptAssemblies/Unity.RenderPipelines.Core.Editor.Tests.dll not valid. Loading of assembly skipped.
Assembly Unity.RenderPipelines.Core.Runtime.Tests.dll at Library/ScriptAssemblies/Unity.RenderPipelines.Core.Runtime.Tests.dll not valid. Loading of assembly skipped.
Assembly Unity.RenderPipelines.Universal.Config.Editor.Tests.dll at Library/ScriptAssemblies/Unity.RenderPipelines.Universal.Config.Editor.Tests.dll not valid. Loading of assembly skipped.
Assembly Unity.RenderPipelines.Universal.Editor.Tests.dll at Library/ScriptAssemblies/Unity.RenderPipelines.Universal.Editor.Tests.dll not valid. Loading of assembly skipped.
Assembly Unity.RenderPipelines.Universal.Runtime.Tests.dll at Library/ScriptAssemblies/Unity.RenderPipelines.Universal.Runtime.Tests.dll not valid. Loading of assembly skipped.
Assembly Unity.Searcher.EditorTests.dll at Library/ScriptAssemblies/Unity.Searcher.EditorTests.dll not valid. Loading of assembly skipped.
Assembly Unity.ShaderGraph.Editor.Tests.dll at Library/ScriptAssemblies/Unity.ShaderGraph.Editor.Tests.dll not valid. Loading of assembly skipped.
Assembly Unity.TextMeshPro.Editor.Tests.dll at Library/ScriptAssemblies/Unity.TextMeshPro.Editor.Tests.dll not valid. Loading of assembly skipped.
Assembly Unity.TextMeshPro.Tests.dll at Library/ScriptAssemblies/Unity.TextMeshPro.Tests.dll not valid. Loading of assembly skipped.
Assembly Unity.UnifiedRayTracing.Editor.Tests.dll at Library/ScriptAssemblies/Unity.UnifiedRayTracing.Editor.Tests.dll not valid. Loading of assembly skipped.
Assembly UnityEditor.UI.Common.Tests.dll at Library/ScriptAssemblies/UnityEditor.UI.Common.Tests.dll not valid. Loading of assembly skipped.
Assembly UnityEditor.UI.EditorTests.dll at Library/ScriptAssemblies/UnityEditor.UI.EditorTests.dll not valid. Loading of assembly skipped.
Assembly UnityEngine.UI.Tests.dll at Library/ScriptAssemblies/UnityEngine.UI.Tests.dll not valid. Loading of assembly skipped.
Refreshing native plugins compatible for Editor in 2.37 ms, found 4 plugins.
BuildProfileContext singleton already exists.
UnityEngine.Debug:ExtractStackTraceNoAlloc (byte*,int,string)
UnityEngine.StackTraceUtility:ExtractStackTrace ()
UnityEngine.DebugLogHandler:Internal_Log (UnityEngine.LogType,UnityEngine.LogOption,string,UnityEngine.Object)
UnityEngine.DebugLogHandler:LogFormat (UnityEngine.LogType,UnityEngine.Object,string,object[])
UnityEngine.Logger:Log (UnityEngine.LogType,object)
UnityEngine.Debug:LogError (object)
UnityEditor.Build.Profile.BuildProfileContext:.ctor ()

Native extension for Android target not found
Native extension for WindowsStandalone target not found
[Package Manager] Failed to launch server process. Reason: Unity was launched with the -noUpm command-line argument
[Package Manager] Unable to send message (not connected to server process).
[Package Manager] Cannot connect to Unity Package Manager local server
[Package Manager] Failed to launch server process. Reason: Unity was launched with the -noUpm command-line argument
[Package Manager] Unable to send message (not connected to server process).
[Package Manager] Cannot connect to Unity Package Manager local server
ScheduleIndexationOnStartup MainProcess:False IndexOnStartup:True
Mono: successfully reloaded assembly
- Finished resetting the current domain, in  3.113 seconds
Domain Reload Profiling: 5151ms
	BeginReloadAssembly (533ms)
		DisableScriptedObjects (109ms)
		CreateAndSetChildDomain (103ms)
	RebuildCommonClasses (99ms)
	RebuildNativeTypeToScriptingClass (38ms)
	initialDomainReloadingComplete (120ms)
	LoadAllAssembliesAndSetupDomain (1248ms)
		LoadAssemblies (852ms)
		AnalyzeDomain (597ms)
			TypeCache.Refresh (14ms)
			BuildScriptInfoCaches (559ms)
			ResolveRequiredComponents (21ms)
	FinalizeReload (3114ms)
		SetupLoadedEditorAssemblies (0ms)
			InitializePlatformSupportModulesInManaged (22ms)
			BeforeProcessingInitializeOnLoad (680ms)
			ProcessInitializeOnLoadAttributes (1692ms)
			ProcessInitializeOnLoadMethodAttributes (269ms)
			AfterProcessingInitializeOnLoad (10ms)
		AwakeInstancesAfterBackupRestoration (64ms)
Refreshing native plugins compatible for Editor in 3.34 ms, found 4 plugins.
Unloading 24 Unused Serialized files (Serialized files now loaded: 0)
Unloading 7111 unused Assets / (5.3 MB). Loaded Objects now: 8035.
Memory consumption went from 172.2 MB to 166.9 MB.
Total: 17.222300 ms (FindLiveObjects: 1.214200 ms CreateObjectMapping: 1.846600 ms MarkObjects: 9.202600 ms  DeleteObjects: 4.956900 ms)

Prepare: number of updated asset objects reloaded= 0
========================================================================
Received Import Request.
  Time since last request: 540.953828 seconds.
  path: Assets/DialogueData/MainClassroom/NhatNinh/NhatNinhDefault.asset
  importAddress: Guid(9563403781bfa3f4487ac7ec708652ef) Importer(815301076,1909f56bfc062723c751e8b465ee728b)
Start importing Assets/DialogueData/MainClassroom/NhatNinh/NhatNinhDefault.asset using Guid(9563403781bfa3f4487ac7ec708652ef) Importer(815301076,1909f56bfc062723c751e8b465ee728b) (PreviewImporter) -> (Import Result ID: '4800d6bbef45d23fbfc95972cca34dd4') in 0.067138 seconds [static and dynamic dependencies]. Details - ImportResultOutputID=428f9afb86de996af7f62533431a9900 DependenciesID=c68378f0f0f625aa39b6284a0cdaf9e0 StaticDependenciesID=eb0d1b274299db48e83980b3f0687417 
Number of updated asset objects reloaded before import = 0Number of asset objects unloaded after import = 1

========================================================================
Received Prepare
Begin MonoManager ReloadAssembly
[Licensing::Client] Successfully resolved entitlement details
You may not pass in objects that are already persistent
UnityEngine.Debug:ExtractStackTraceNoAlloc (byte*,int,string)
UnityEngine.StackTraceUtility:ExtractStackTrace ()
UnityEditorInternal.InternalEditorUtility:SaveToSerializedFileAndForgetInternal (string,UnityEngine.Object[],bool)
UnityEditorInternal.InternalEditorUtility:SaveToSerializedFileAndForget (UnityEngine.Object[],string,bool)
UnityEditor.Build.Profile.BuildProfileContext:Save ()
UnityEditor.Build.Profile.BuildProfileContext:OnDisable ()

[C:\build\output\unity\unity\Editor\Src\EditorWindowController.cpp line 138]

You may not pass in objects that are already persistent
UnityEngine.Debug:ExtractStackTraceNoAlloc (byte*,int,string)
UnityEngine.StackTraceUtility:ExtractStackTrace ()
UnityEditorInternal.InternalEditorUtility:SaveToSerializedFileAndForgetInternal (string,UnityEngine.Object[],bool)
UnityEditorInternal.InternalEditorUtility:SaveToSerializedFileAndForget (UnityEngine.Object[],string,bool)
UnityEditor.Build.Profile.BuildProfileContext:Save ()
UnityEditor.Build.Profile.BuildProfileContext:OnDisable ()

[C:\build\output\unity\unity\Editor\Src\EditorWindowController.cpp line 138]

Assembly Assembly-CSharp-Editor-firstpass.dll at Library/ScriptAssemblies/Assembly-CSharp-Editor-firstpass.dll not valid. Loading of assembly skipped.
Assembly Assembly-CSharp-firstpass.dll at Library/ScriptAssemblies/Assembly-CSharp-firstpass.dll not valid. Loading of assembly skipped.
Assembly DocCodeExamples.dll at Library/ScriptAssemblies/DocCodeExamples.dll not valid. Loading of assembly skipped.
Assembly TestNewCustomAssembly.dll at Library/ScriptAssemblies/TestNewCustomAssembly.dll not valid. Loading of assembly skipped.
Assembly Unity.2D.Animation.EditorTests.dll at Library/ScriptAssemblies/Unity.2D.Animation.EditorTests.dll not valid. Loading of assembly skipped.
Assembly Unity.2D.Aseprite.EditorTests.dll at Library/ScriptAssemblies/Unity.2D.Aseprite.EditorTests.dll not valid. Loading of assembly skipped.
Assembly Unity.2D.Common.EditorTests.dll at Library/ScriptAssemblies/Unity.2D.Common.EditorTests.dll not valid. Loading of assembly skipped.
Assembly Unity.2D.Psdimporter.EditorTests.dll at Library/ScriptAssemblies/Unity.2D.Psdimporter.EditorTests.dll not valid. Loading of assembly skipped.
Assembly Unity.2D.Sprite.Package.EditorTests.dll at Library/ScriptAssemblies/Unity.2D.Sprite.Package.EditorTests.dll not valid. Loading of assembly skipped.
Assembly Unity.2D.SpriteShape.EditorTests.dll at Library/ScriptAssemblies/Unity.2D.SpriteShape.EditorTests.dll not valid. Loading of assembly skipped.
Assembly Unity.2D.Tilemap.Package.EditorTests.dll at Library/ScriptAssemblies/Unity.2D.Tilemap.Package.EditorTests.dll not valid. Loading of assembly skipped.
Assembly Unity.Collections.BurstCompatibilityGen.dll at Library/ScriptAssemblies/Unity.Collections.BurstCompatibilityGen.dll not valid. Loading of assembly skipped.
Assembly Unity.Collections.DocCodeSamples.dll at Library/ScriptAssemblies/Unity.Collections.DocCodeSamples.dll not valid. Loading of assembly skipped.
Assembly Unity.Collections.PerformanceTests.dll at Library/ScriptAssemblies/Unity.Collections.PerformanceTests.dll not valid. Loading of assembly skipped.
Assembly Unity.Collections.Tests.dll at Library/ScriptAssemblies/Unity.Collections.Tests.dll not valid. Loading of assembly skipped.
Assembly Unity.Collections.Tests.Playmode.dll at Library/ScriptAssemblies/Unity.Collections.Tests.Playmode.dll not valid. Loading of assembly skipped.
Assembly Unity.InputSystem.IntegrationTests.dll at Library/ScriptAssemblies/Unity.InputSystem.IntegrationTests.dll not valid. Loading of assembly skipped.
Assembly Unity.Mathematics.Tests.dll at Library/ScriptAssemblies/Unity.Mathematics.Tests.dll not valid. Loading of assembly skipped.
Assembly Unity.Multiplayer.Center.Editor.Tests.dll at Library/ScriptAssemblies/Unity.Multiplayer.Center.Editor.Tests.dll not valid. Loading of assembly skipped.
Assembly Unity.Multiplayer.Center.Tests.dll at Library/ScriptAssemblies/Unity.Multiplayer.Center.Tests.dll not valid. Loading of assembly skipped.
Assembly Unity.Nuget.Mono-Cecil.dll at Library/ScriptAssemblies/Unity.Nuget.Mono-Cecil.dll not valid. Loading of assembly skipped.
Assembly Unity.PathTracing.Editor.Tests.dll at Library/ScriptAssemblies/Unity.PathTracing.Editor.Tests.dll not valid. Loading of assembly skipped.
Assembly Unity.PathTracing.Runtime.Tests.dll at Library/ScriptAssemblies/Unity.PathTracing.Runtime.Tests.dll not valid. Loading of assembly skipped.
Assembly Unity.RenderPipelines.Core.Editor.Tests.dll at Library/ScriptAssemblies/Unity.RenderPipelines.Core.Editor.Tests.dll not valid. Loading of assembly skipped.
Assembly Unity.RenderPipelines.Core.Runtime.Tests.dll at Library/ScriptAssemblies/Unity.RenderPipelines.Core.Runtime.Tests.dll not valid. Loading of assembly skipped.
Assembly Unity.RenderPipelines.Universal.Config.Editor.Tests.dll at Library/ScriptAssemblies/Unity.RenderPipelines.Universal.Config.Editor.Tests.dll not valid. Loading of assembly skipped.
Assembly Unity.RenderPipelines.Universal.Editor.Tests.dll at Library/ScriptAssemblies/Unity.RenderPipelines.Universal.Editor.Tests.dll not valid. Loading of assembly skipped.
Assembly Unity.RenderPipelines.Universal.Runtime.Tests.dll at Library/ScriptAssemblies/Unity.RenderPipelines.Universal.Runtime.Tests.dll not valid. Loading of assembly skipped.
Assembly Unity.Searcher.EditorTests.dll at Library/ScriptAssemblies/Unity.Searcher.EditorTests.dll not valid. Loading of assembly skipped.
Assembly Unity.ShaderGraph.Editor.Tests.dll at Library/ScriptAssemblies/Unity.ShaderGraph.Editor.Tests.dll not valid. Loading of assembly skipped.
Assembly Unity.TextMeshPro.Editor.Tests.dll at Library/ScriptAssemblies/Unity.TextMeshPro.Editor.Tests.dll not valid. Loading of assembly skipped.
Assembly Unity.TextMeshPro.Tests.dll at Library/ScriptAssemblies/Unity.TextMeshPro.Tests.dll not valid. Loading of assembly skipped.
Assembly Unity.UnifiedRayTracing.Editor.Tests.dll at Library/ScriptAssemblies/Unity.UnifiedRayTracing.Editor.Tests.dll not valid. Loading of assembly skipped.
Assembly UnityEditor.UI.Common.Tests.dll at Library/ScriptAssemblies/UnityEditor.UI.Common.Tests.dll not valid. Loading of assembly skipped.
Assembly UnityEditor.UI.EditorTests.dll at Library/ScriptAssemblies/UnityEditor.UI.EditorTests.dll not valid. Loading of assembly skipped.
Assembly UnityEngine.UI.Tests.dll at Library/ScriptAssemblies/UnityEngine.UI.Tests.dll not valid. Loading of assembly skipped.
Refreshing native plugins compatible for Editor in 2.96 ms, found 4 plugins.
BuildProfileContext singleton already exists.
UnityEngine.Debug:ExtractStackTraceNoAlloc (byte*,int,string)
UnityEngine.StackTraceUtility:ExtractStackTrace ()
UnityEngine.DebugLogHandler:Internal_Log (UnityEngine.LogType,UnityEngine.LogOption,string,UnityEngine.Object)
UnityEngine.DebugLogHandler:LogFormat (UnityEngine.LogType,UnityEngine.Object,string,object[])
UnityEngine.Logger:Log (UnityEngine.LogType,object)
UnityEngine.Debug:LogError (object)
UnityEditor.Build.Profile.BuildProfileContext:.ctor ()

Native extension for Android target not found
Native extension for WindowsStandalone target not found
[Package Manager] Failed to launch server process. Reason: Unity was launched with the -noUpm command-line argument
[Package Manager] Unable to send message (not connected to server process).
[Package Manager] Cannot connect to Unity Package Manager local server
[Package Manager] Failed to launch server process. Reason: Unity was launched with the -noUpm command-line argument
[Package Manager] Unable to send message (not connected to server process).
[Package Manager] Cannot connect to Unity Package Manager local server
ScheduleIndexationOnStartup MainProcess:False IndexOnStartup:True
[Licensing::Client] Successfully resolved entitlement details
Mono: successfully reloaded assembly
- Finished resetting the current domain, in  2.658 seconds
Domain Reload Profiling: 7297ms
	BeginReloadAssembly (539ms)
		DisableScriptedObjects (99ms)
		CreateAndSetChildDomain (90ms)
	RebuildCommonClasses (98ms)
	RebuildNativeTypeToScriptingClass (25ms)
	initialDomainReloadingComplete (135ms)
	LoadAllAssembliesAndSetupDomain (3841ms)
		LoadAssemblies (3428ms)
		AnalyzeDomain (635ms)
			TypeCache.Refresh (31ms)
				TypeCache.ScanAssembly (8ms)
			BuildScriptInfoCaches (562ms)
			ResolveRequiredComponents (38ms)
	FinalizeReload (2659ms)
		SetupLoadedEditorAssemblies (0ms)
			InitializePlatformSupportModulesInManaged (25ms)
			BeforeProcessingInitializeOnLoad (623ms)
			ProcessInitializeOnLoadAttributes (1232ms)
			ProcessInitializeOnLoadMethodAttributes (196ms)
			AfterProcessingInitializeOnLoad (9ms)
		AwakeInstancesAfterBackupRestoration (51ms)
Refreshing native plugins compatible for Editor in 3.39 ms, found 4 plugins.
Unloading 24 Unused Serialized files (Serialized files now loaded: 0)
Unloading 7111 unused Assets / (5.4 MB). Loaded Objects now: 8038.
Memory consumption went from 169.0 MB to 163.6 MB.
Total: 23.433100 ms (FindLiveObjects: 1.220500 ms CreateObjectMapping: 1.952800 ms MarkObjects: 15.468800 ms  DeleteObjects: 4.788200 ms)

Prepare: number of updated asset objects reloaded= 0
========================================================================
Received Prepare
Begin MonoManager ReloadAssembly
You may not pass in objects that are already persistent
UnityEngine.Debug:ExtractStackTraceNoAlloc (byte*,int,string)
UnityEngine.StackTraceUtility:ExtractStackTrace ()
UnityEditorInternal.InternalEditorUtility:SaveToSerializedFileAndForgetInternal (string,UnityEngine.Object[],bool)
UnityEditorInternal.InternalEditorUtility:SaveToSerializedFileAndForget (UnityEngine.Object[],string,bool)
UnityEditor.Build.Profile.BuildProfileContext:Save ()
UnityEditor.Build.Profile.BuildProfileContext:OnDisable ()

[C:\build\output\unity\unity\Editor\Src\EditorWindowController.cpp line 138]

You may not pass in objects that are already persistent
UnityEngine.Debug:ExtractStackTraceNoAlloc (byte*,int,string)
UnityEngine.StackTraceUtility:ExtractStackTrace ()
UnityEditorInternal.InternalEditorUtility:SaveToSerializedFileAndForgetInternal (string,UnityEngine.Object[],bool)
UnityEditorInternal.InternalEditorUtility:SaveToSerializedFileAndForget (UnityEngine.Object[],string,bool)
UnityEditor.Build.Profile.BuildProfileContext:Save ()
UnityEditor.Build.Profile.BuildProfileContext:OnDisable ()

[C:\build\output\unity\unity\Editor\Src\EditorWindowController.cpp line 138]

Assembly Assembly-CSharp-Editor-firstpass.dll at Library/ScriptAssemblies/Assembly-CSharp-Editor-firstpass.dll not valid. Loading of assembly skipped.
Assembly Assembly-CSharp-firstpass.dll at Library/ScriptAssemblies/Assembly-CSharp-firstpass.dll not valid. Loading of assembly skipped.
Assembly DocCodeExamples.dll at Library/ScriptAssemblies/DocCodeExamples.dll not valid. Loading of assembly skipped.
Assembly TestNewCustomAssembly.dll at Library/ScriptAssemblies/TestNewCustomAssembly.dll not valid. Loading of assembly skipped.
Assembly Unity.2D.Animation.EditorTests.dll at Library/ScriptAssemblies/Unity.2D.Animation.EditorTests.dll not valid. Loading of assembly skipped.
Assembly Unity.2D.Aseprite.EditorTests.dll at Library/ScriptAssemblies/Unity.2D.Aseprite.EditorTests.dll not valid. Loading of assembly skipped.
Assembly Unity.2D.Common.EditorTests.dll at Library/ScriptAssemblies/Unity.2D.Common.EditorTests.dll not valid. Loading of assembly skipped.
Assembly Unity.2D.Psdimporter.EditorTests.dll at Library/ScriptAssemblies/Unity.2D.Psdimporter.EditorTests.dll not valid. Loading of assembly skipped.
Assembly Unity.2D.Sprite.Package.EditorTests.dll at Library/ScriptAssemblies/Unity.2D.Sprite.Package.EditorTests.dll not valid. Loading of assembly skipped.
Assembly Unity.2D.SpriteShape.EditorTests.dll at Library/ScriptAssemblies/Unity.2D.SpriteShape.EditorTests.dll not valid. Loading of assembly skipped.
Assembly Unity.2D.Tilemap.Package.EditorTests.dll at Library/ScriptAssemblies/Unity.2D.Tilemap.Package.EditorTests.dll not valid. Loading of assembly skipped.
Assembly Unity.Collections.BurstCompatibilityGen.dll at Library/ScriptAssemblies/Unity.Collections.BurstCompatibilityGen.dll not valid. Loading of assembly skipped.
Assembly Unity.Collections.DocCodeSamples.dll at Library/ScriptAssemblies/Unity.Collections.DocCodeSamples.dll not valid. Loading of assembly skipped.
Assembly Unity.Collections.PerformanceTests.dll at Library/ScriptAssemblies/Unity.Collections.PerformanceTests.dll not valid. Loading of assembly skipped.
Assembly Unity.Collections.Tests.dll at Library/ScriptAssemblies/Unity.Collections.Tests.dll not valid. Loading of assembly skipped.
Assembly Unity.Collections.Tests.Playmode.dll at Library/ScriptAssemblies/Unity.Collections.Tests.Playmode.dll not valid. Loading of assembly skipped.
Assembly Unity.InputSystem.IntegrationTests.dll at Library/ScriptAssemblies/Unity.InputSystem.IntegrationTests.dll not valid. Loading of assembly skipped.
Assembly Unity.Mathematics.Tests.dll at Library/ScriptAssemblies/Unity.Mathematics.Tests.dll not valid. Loading of assembly skipped.
Assembly Unity.Multiplayer.Center.Editor.Tests.dll at Library/ScriptAssemblies/Unity.Multiplayer.Center.Editor.Tests.dll not valid. Loading of assembly skipped.
Assembly Unity.Multiplayer.Center.Tests.dll at Library/ScriptAssemblies/Unity.Multiplayer.Center.Tests.dll not valid. Loading of assembly skipped.
Assembly Unity.Nuget.Mono-Cecil.dll at Library/ScriptAssemblies/Unity.Nuget.Mono-Cecil.dll not valid. Loading of assembly skipped.
Assembly Unity.PathTracing.Editor.Tests.dll at Library/ScriptAssemblies/Unity.PathTracing.Editor.Tests.dll not valid. Loading of assembly skipped.
Assembly Unity.PathTracing.Runtime.Tests.dll at Library/ScriptAssemblies/Unity.PathTracing.Runtime.Tests.dll not valid. Loading of assembly skipped.
Assembly Unity.RenderPipelines.Core.Editor.Tests.dll at Library/ScriptAssemblies/Unity.RenderPipelines.Core.Editor.Tests.dll not valid. Loading of assembly skipped.
Assembly Unity.RenderPipelines.Core.Runtime.Tests.dll at Library/ScriptAssemblies/Unity.RenderPipelines.Core.Runtime.Tests.dll not valid. Loading of assembly skipped.
Assembly Unity.RenderPipelines.Universal.Config.Editor.Tests.dll at Library/ScriptAssemblies/Unity.RenderPipelines.Universal.Config.Editor.Tests.dll not valid. Loading of assembly skipped.
Assembly Unity.RenderPipelines.Universal.Editor.Tests.dll at Library/ScriptAssemblies/Unity.RenderPipelines.Universal.Editor.Tests.dll not valid. Loading of assembly skipped.
Assembly Unity.RenderPipelines.Universal.Runtime.Tests.dll at Library/ScriptAssemblies/Unity.RenderPipelines.Universal.Runtime.Tests.dll not valid. Loading of assembly skipped.
Assembly Unity.Searcher.EditorTests.dll at Library/ScriptAssemblies/Unity.Searcher.EditorTests.dll not valid. Loading of assembly skipped.
Assembly Unity.ShaderGraph.Editor.Tests.dll at Library/ScriptAssemblies/Unity.ShaderGraph.Editor.Tests.dll not valid. Loading of assembly skipped.
Assembly Unity.TextMeshPro.Editor.Tests.dll at Library/ScriptAssemblies/Unity.TextMeshPro.Editor.Tests.dll not valid. Loading of assembly skipped.
Assembly Unity.TextMeshPro.Tests.dll at Library/ScriptAssemblies/Unity.TextMeshPro.Tests.dll not valid. Loading of assembly skipped.
Assembly Unity.UnifiedRayTracing.Editor.Tests.dll at Library/ScriptAssemblies/Unity.UnifiedRayTracing.Editor.Tests.dll not valid. Loading of assembly skipped.
Assembly UnityEditor.UI.Common.Tests.dll at Library/ScriptAssemblies/UnityEditor.UI.Common.Tests.dll not valid. Loading of assembly skipped.
Assembly UnityEditor.UI.EditorTests.dll at Library/ScriptAssemblies/UnityEditor.UI.EditorTests.dll not valid. Loading of assembly skipped.
Assembly UnityEngine.UI.Tests.dll at Library/ScriptAssemblies/UnityEngine.UI.Tests.dll not valid. Loading of assembly skipped.
Refreshing native plugins compatible for Editor in 3.48 ms, found 4 plugins.
BuildProfileContext singleton already exists.
UnityEngine.Debug:ExtractStackTraceNoAlloc (byte*,int,string)
UnityEngine.StackTraceUtility:ExtractStackTrace ()
UnityEngine.DebugLogHandler:Internal_Log (UnityEngine.LogType,UnityEngine.LogOption,string,UnityEngine.Object)
UnityEngine.DebugLogHandler:LogFormat (UnityEngine.LogType,UnityEngine.Object,string,object[])
UnityEngine.Logger:Log (UnityEngine.LogType,object)
UnityEngine.Debug:LogError (object)
UnityEditor.Build.Profile.BuildProfileContext:.ctor ()

Native extension for Android target not found
Native extension for WindowsStandalone target not found
[Package Manager] Failed to launch server process. Reason: Unity was launched with the -noUpm command-line argument
[Package Manager] Unable to send message (not connected to server process).
[Package Manager] Cannot connect to Unity Package Manager local server
[Package Manager] Failed to launch server process. Reason: Unity was launched with the -noUpm command-line argument
[Package Manager] Unable to send message (not connected to server process).
[Package Manager] Cannot connect to Unity Package Manager local server
ScheduleIndexationOnStartup MainProcess:False IndexOnStartup:True
Mono: successfully reloaded assembly
- Finished resetting the current domain, in  3.360 seconds
Domain Reload Profiling: 5893ms
	BeginReloadAssembly (689ms)
		DisableScriptedObjects (78ms)
		CreateAndSetChildDomain (103ms)
	RebuildCommonClasses (128ms)
	RebuildNativeTypeToScriptingClass (49ms)
	initialDomainReloadingComplete (203ms)
	LoadAllAssembliesAndSetupDomain (1463ms)
		LoadAssemblies (1118ms)
		AnalyzeDomain (608ms)
			TypeCache.Refresh (16ms)
			BuildScriptInfoCaches (556ms)
			ResolveRequiredComponents (33ms)
	FinalizeReload (3361ms)
		SetupLoadedEditorAssemblies (0ms)
			InitializePlatformSupportModulesInManaged (29ms)
			BeforeProcessingInitializeOnLoad (770ms)
			ProcessInitializeOnLoadAttributes (1574ms)
			ProcessInitializeOnLoadMethodAttributes (337ms)
			AfterProcessingInitializeOnLoad (18ms)
		AwakeInstancesAfterBackupRestoration (99ms)
Refreshing native plugins compatible for Editor in 3.13 ms, found 4 plugins.
Unloading 24 Unused Serialized files (Serialized files now loaded: 0)
Unloading 7111 unused Assets / (6.0 MB). Loaded Objects now: 8041.
Memory consumption went from 172.4 MB to 166.4 MB.
Total: 17.983500 ms (FindLiveObjects: 1.233600 ms CreateObjectMapping: 2.061200 ms MarkObjects: 8.921900 ms  DeleteObjects: 5.765000 ms)

Prepare: number of updated asset objects reloaded= 0
========================================================================
Received Import Request.
  Time since last request: 645.110839 seconds.
  path: Assets/DialogueData/MainClassroom/LeToanThang/LTTStart.asset
  importAddress: Guid(cdbd9c57ce1d18a49b40c3739b8062a9) Importer(815301076,1909f56bfc062723c751e8b465ee728b)
Start importing Assets/DialogueData/MainClassroom/LeToanThang/LTTStart.asset using Guid(cdbd9c57ce1d18a49b40c3739b8062a9) Importer(815301076,1909f56bfc062723c751e8b465ee728b) (PreviewImporter) -> (Import Result ID: '55154c01e4b2fda6a5b1bb8857354c00') in 0.0426251 seconds [static and dynamic dependencies]. Details - ImportResultOutputID=22f9a28699e34d4a752c801392035db8 DependenciesID=dabd97c7a7af850be23e5ca2bbddee1f StaticDependenciesID=7849ad0c3fb934bcdc6dc87eb0a04002 
Number of updated asset objects reloaded before import = 0Number of asset objects unloaded after import = 1

========================================================================
Received Import Request.
  Time since last request: 2.447207 seconds.
  path: Assets/DialogueData/MainClassroom/LeToanThang/LTTStart.asset
  importAddress: Guid(cdbd9c57ce1d18a49b40c3739b8062a9) Importer(815301076,1909f56bfc062723c751e8b465ee728b)
Start importing Assets/DialogueData/MainClassroom/LeToanThang/LTTStart.asset using Guid(cdbd9c57ce1d18a49b40c3739b8062a9) Importer(815301076,1909f56bfc062723c751e8b465ee728b) (PreviewImporter) -> (Import Result ID: 'cb8e90bea9839690f5a0c30d11a700f6') in 0.0028744 seconds [static and dynamic dependencies]. Details - ImportResultOutputID=22f9a28699e34d4a752c801392035db8 DependenciesID=f931dbe6c5cdddc3a0e7339e427126c1 StaticDependenciesID=497c2e2fbb5452d7a887f626c0e0133e 
Number of updated asset objects reloaded before import = 0Number of asset objects unloaded after import = 1

========================================================================
Received Import Request.
  Time since last request: 29.005014 seconds.
  path: Assets/Scripts/UI/HUD/HUDUI.cs
  importAddress: Guid(a613d5c9fc721b942b29675d3e552498) Importer(2089858483,b0f066a214c2f5e87bad3c948f4d605d)
Start importing Assets/Scripts/UI/HUD/HUDUI.cs using Guid(a613d5c9fc721b942b29675d3e552498) Importer(2089858483,b0f066a214c2f5e87bad3c948f4d605d) (ScriptedImporter) -> (Import Result ID: 'fff0b0f96dc54bf04c7ec42274cfc8e5') in 4.5655386 seconds [static and dynamic dependencies]. Details - ImportResultOutputID=340351e402813b98e16c14ed4d54b7fc DependenciesID=e49185d9009c2ee744d314369a24e664 StaticDependenciesID=864f5d31ff4614cf3d6c3c9271137e8d 
Number of updated asset objects reloaded before import = 0Number of asset objects unloaded after import = 0

========================================================================
Received Import Request.
  Time since last request: 0.000043 seconds.
  path: Assets/DialogueData/MainClassroom/New Folder
  importAddress: Guid(fde1a07f999eba542a86eb979992b7f2) Importer(815301076,1909f56bfc062723c751e8b465ee728b)
Start importing Assets/DialogueData/MainClassroom/New Folder using Guid(fde1a07f999eba542a86eb979992b7f2) Importer(815301076,1909f56bfc062723c751e8b465ee728b) (PreviewImporter) -> (Import Result ID: '473b0a56514965c9a69f6b1b61bcf02f') in 0.001056 seconds [static and dynamic dependencies]. Details - ImportResultOutputID=1fec540feae9e8de9a7aa289555213be DependenciesID=395fa7203d2e76932fbd4089ae584f6d StaticDependenciesID=2e9f9ac13848c97cbd3994170d11eca8 
Number of updated asset objects reloaded before import = 0Number of asset objects unloaded after import = 0

========================================================================
Received Import Request.
  Time since last request: 1.133780 seconds.
  path: Assets/DialogueData/MainClassroom/LC
  importAddress: Guid(fde1a07f999eba542a86eb979992b7f2) Importer(815301076,1909f56bfc062723c751e8b465ee728b)
Start importing Assets/DialogueData/MainClassroom/LC using Guid(fde1a07f999eba542a86eb979992b7f2) Importer(815301076,1909f56bfc062723c751e8b465ee728b) (PreviewImporter) -> (Import Result ID: 'fdb0d3f578a1163e7daa5f3b829f04b5') in 0.0014958 seconds [static and dynamic dependencies]. Details - ImportResultOutputID=1fec540feae9e8de9a7aa289555213be DependenciesID=e313742f01299f96cc8d126d8a33390e StaticDependenciesID=5d4e6f61b7e28cf2ce78e0d264f4c93a 
Number of updated asset objects reloaded before import = 0Number of asset objects unloaded after import = 0

========================================================================
Received Import Request.
  Time since last request: 6.341400 seconds.
  path: Assets/Prefabs/UI/Canvas.prefab
  importAddress: Guid(46da49a069fbafd41bd740bd7f8f1498) Importer(2089858483,b0f066a214c2f5e87bad3c948f4d605d)
Start importing Assets/Prefabs/UI/Canvas.prefab using Guid(46da49a069fbafd41bd740bd7f8f1498) Importer(2089858483,b0f066a214c2f5e87bad3c948f4d605d) (ScriptedImporter) -> (Import Result ID: 'a38798d69055e3f492e9a2e47ae24081') in 0.6039197 seconds [static and dynamic dependencies]. Details - ImportResultOutputID=06e88257123e490cff5c950926600849 DependenciesID=f84c2f95cd0c873b5be0a877e8670415 StaticDependenciesID=074f9d5980244b4a04b7efe9fae4abc1 
Number of updated asset objects reloaded before import = 0Number of asset objects unloaded after import = 367

========================================================================
Received Import Request.
  Time since last request: 0.000043 seconds.
  path: Assets/Scripts/UI/Quest/QuestPanelUI.cs
  importAddress: Guid(e6416066d9132d843a82a86d1844de54) Importer(2089858483,b0f066a214c2f5e87bad3c948f4d605d)
Start importing Assets/Scripts/UI/Quest/QuestPanelUI.cs using Guid(e6416066d9132d843a82a86d1844de54) Importer(2089858483,b0f066a214c2f5e87bad3c948f4d605d) (ScriptedImporter) -> (Import Result ID: '8978dc6a7ed1c0d9e67061453189f40f') in 0.0488759 seconds [static and dynamic dependencies]. Details - ImportResultOutputID=c3bcf885553068354d77981ea7df670c DependenciesID=73b0ef70c1868969d38c716184f484a2 StaticDependenciesID=3e2a08af69e1070b96b4e1586d30bf3f 
Number of updated asset objects reloaded before import = 0Number of asset objects unloaded after import = 0

========================================================================
Received Import Request.
  Time since last request: 0.000048 seconds.
  path: Assets/Scenes/22_PlayerHouse.unity
  importAddress: Guid(fd9acadc85939d9409300be8aa8d2320) Importer(2089858483,b0f066a214c2f5e87bad3c948f4d605d)
Start importing Assets/Scenes/22_PlayerHouse.unity using Guid(fd9acadc85939d9409300be8aa8d2320) Importer(2089858483,b0f066a214c2f5e87bad3c948f4d605d) (ScriptedImporter) -> (Import Result ID: 'e7133abe54cbcfedbb9b9241821bc882') in 0.1084009 seconds [static and dynamic dependencies]. Details - ImportResultOutputID=b1c9f1b7991b0febbf25c52c0aa99a9e DependenciesID=4dc1ae751c3e1b1f17ba22333f24c1d5 StaticDependenciesID=2f8e0e3dc69c12d531b632a91833c6ce 
Number of updated asset objects reloaded before import = 0Number of asset objects unloaded after import = 1

========================================================================
Received Import Request.
  Time since last request: 0.000035 seconds.
  path: Assets/Quest/StartQuest.asset
  importAddress: Guid(c0312486a49b38440ab2e1bd0dd66337) Importer(2089858483,b0f066a214c2f5e87bad3c948f4d605d)
Start importing Assets/Quest/StartQuest.asset using Guid(c0312486a49b38440ab2e1bd0dd66337) Importer(2089858483,b0f066a214c2f5e87bad3c948f4d605d) (ScriptedImporter) -> (Import Result ID: '26ef7d8685bbeec93ef5f78e120b4ed1') in 0.0505692 seconds [static and dynamic dependencies]. Details - ImportResultOutputID=b2bd77414a5886132a800e0f88615fda DependenciesID=6a789ff739ab60ed86dcf3efc7608604 StaticDependenciesID=3df934d740d644fab0dbf3904620df02 
Number of updated asset objects reloaded before import = 0Number of asset objects unloaded after import = 1

========================================================================
Received Import Request.
  Time since last request: 0.000041 seconds.
  path: Assets/DialogueData/MainClassroom/LeToanThang/LTTStart.asset
  importAddress: Guid(cdbd9c57ce1d18a49b40c3739b8062a9) Importer(2089858483,b0f066a214c2f5e87bad3c948f4d605d)
Start importing Assets/DialogueData/MainClassroom/LeToanThang/LTTStart.asset using Guid(cdbd9c57ce1d18a49b40c3739b8062a9) Importer(2089858483,b0f066a214c2f5e87bad3c948f4d605d) (ScriptedImporter) -> (Import Result ID: 'fd49a314d1f98dc2ca4359a8d00221e7') in 0.0390844 seconds [static and dynamic dependencies]. Details - ImportResultOutputID=df1986862f893a7b8864f3c62d52ffee DependenciesID=42c2718ea4c61590291160ba79799c30 StaticDependenciesID=7a5cb58a8fa387e45a248b266617a3d2 
Number of updated asset objects reloaded before import = 0Number of asset objects unloaded after import = 1

========================================================================
Received Import Request.
  Time since last request: 0.000030 seconds.
  path: Assets/TextMesh Pro/Resources/Fonts & Materials/LiberationSans SDF - Fallback.asset
  importAddress: Guid(2e498d1c8094910479dc3e1b768306a4) Importer(2089858483,b0f066a214c2f5e87bad3c948f4d605d)
Start importing Assets/TextMesh Pro/Resources/Fonts & Materials/LiberationSans SDF - Fallback.asset using Guid(2e498d1c8094910479dc3e1b768306a4) Importer(2089858483,b0f066a214c2f5e87bad3c948f4d605d) (ScriptedImporter) -> (Import Result ID: '583ebaa547e32394ce9c92c2cc25e64a') in 0.2019321 seconds [static and dynamic dependencies]. Details - ImportResultOutputID=486bdab6c413b0e730b3bcbc677efe94 DependenciesID=72d38489346f0f488188fae6656ed291 StaticDependenciesID=01fa60784c1d251cc035c55f24a66873 
Number of updated asset objects reloaded before import = 0Number of asset objects unloaded after import = 9

========================================================================
Received Import Request.
  Time since last request: 2.712569 seconds.
  path: Assets/DialogueData/MainClassroom/LC
  importAddress: Guid(fde1a07f999eba542a86eb979992b7f2) Importer(2089858483,b0f066a214c2f5e87bad3c948f4d605d)
Start importing Assets/DialogueData/MainClassroom/LC using Guid(fde1a07f999eba542a86eb979992b7f2) Importer(2089858483,b0f066a214c2f5e87bad3c948f4d605d) (ScriptedImporter) -> (Import Result ID: '9f97dc58d5567fc5fedffe82430a91aa') in 0.0356056 seconds [static and dynamic dependencies]. Details - ImportResultOutputID=02a2a94d7843de86e61d9f4c5ec4c1c6 DependenciesID=4b96679d687a4015e9aa22122d3ff9ea StaticDependenciesID=ddb91da6f86206f0141214abfcab5b9a 
Number of updated asset objects reloaded before import = 0Number of asset objects unloaded after import = 1

========================================================================
Received Import Request.
  Time since last request: 0.516357 seconds.
  path: Assets/DialogueData/MainClassroom/LC/LC_FirstTime.asset
  importAddress: Guid(30b5e13df47afea4eaed82a52b8b14fb) Importer(815301076,1909f56bfc062723c751e8b465ee728b)
Start importing Assets/DialogueData/MainClassroom/LC/LC_FirstTime.asset using Guid(30b5e13df47afea4eaed82a52b8b14fb) Importer(815301076,1909f56bfc062723c751e8b465ee728b) (PreviewImporter) -> (Import Result ID: '00790e17fb52398f9ffb379127c76f6a') in 0.0030817 seconds [static and dynamic dependencies]. Details - ImportResultOutputID=634d7b208cc3cadb230951cc2fd74e68 DependenciesID=e026d13b61f6e76ccd0ec83ab6912545 StaticDependenciesID=5e4ef0e08442d549b84d3473418f5b3f 
Number of updated asset objects reloaded before import = 0Number of asset objects unloaded after import = 1

========================================================================
Received Import Request.
  Time since last request: 0.835448 seconds.
  path: Assets/DialogueData/MainClassroom/LC/LC_FirstTime.asset
  importAddress: Guid(30b5e13df47afea4eaed82a52b8b14fb) Importer(2089858483,b0f066a214c2f5e87bad3c948f4d605d)
Start importing Assets/DialogueData/MainClassroom/LC/LC_FirstTime.asset using Guid(30b5e13df47afea4eaed82a52b8b14fb) Importer(2089858483,b0f066a214c2f5e87bad3c948f4d605d) (ScriptedImporter) -> (Import Result ID: '216996cb3032a81c1e8be92645ab5b6b') in 0.040503 seconds [static and dynamic dependencies]. Details - ImportResultOutputID=c09a4eb2ebc316fd8b26ed613d2044c0 DependenciesID=850343df4ef3d883ce3e25b90d20f781 StaticDependenciesID=1b6590238a191519502910d6382da945 
Number of updated asset objects reloaded before import = 0Number of asset objects unloaded after import = 1

========================================================================
Received Import Request.
  Time since last request: 84.256481 seconds.
  path: Assets/DialogueData/MainClassroom/LC/LC_FirstTime.asset
  importAddress: Guid(30b5e13df47afea4eaed82a52b8b14fb) Importer(815301076,1909f56bfc062723c751e8b465ee728b)
Start importing Assets/DialogueData/MainClassroom/LC/LC_FirstTime.asset using Guid(30b5e13df47afea4eaed82a52b8b14fb) Importer(815301076,1909f56bfc062723c751e8b465ee728b) (PreviewImporter) -> (Import Result ID: '06eadccfc69ffd2ef9d0ff4f673f6383') in 0.0037367 seconds [static and dynamic dependencies]. Details - ImportResultOutputID=634d7b208cc3cadb230951cc2fd74e68 DependenciesID=3eb62f5ff98dca40d896667a12e8da1b StaticDependenciesID=46eb0168be53a90d593af8c1ff7287f5 
Number of updated asset objects reloaded before import = 0Number of asset objects unloaded after import = 1

========================================================================
Received Import Request.
  Time since last request: 0.727913 seconds.
  path: Assets/DialogueData/MainClassroom/LC/LC_FirstTime.asset
  importAddress: Guid(30b5e13df47afea4eaed82a52b8b14fb) Importer(2089858483,b0f066a214c2f5e87bad3c948f4d605d)
Start importing Assets/DialogueData/MainClassroom/LC/LC_FirstTime.asset using Guid(30b5e13df47afea4eaed82a52b8b14fb) Importer(2089858483,b0f066a214c2f5e87bad3c948f4d605d) (ScriptedImporter) -> (Import Result ID: '4a86519af16b1f71ace675676b705833') in 0.0270065 seconds [static and dynamic dependencies]. Details - ImportResultOutputID=0316f5b065a81e37de831e8fbd9c9d82 DependenciesID=8a81a758691e15dbc6932745dcebc8bf StaticDependenciesID=fa5770f413f084be373d674ff6d6541e 
Number of updated asset objects reloaded before import = 0Number of asset objects unloaded after import = 1

========================================================================
Received Import Request.
  Time since last request: 16.361526 seconds.
  path: Assets/DialogueData/MainClassroom/LC/LC_Default.asset
  importAddress: Guid(bd4887c36b5574f4bbbaab85eb44f54d) Importer(815301076,1909f56bfc062723c751e8b465ee728b)
Start importing Assets/DialogueData/MainClassroom/LC/LC_Default.asset using Guid(bd4887c36b5574f4bbbaab85eb44f54d) Importer(815301076,1909f56bfc062723c751e8b465ee728b) (PreviewImporter) -> (Import Result ID: 'a02e3011656b4c97c90bdc4d8c655dde') in 0.001916 seconds [static and dynamic dependencies]. Details - ImportResultOutputID=31a051fa0fc8cb8c28fd7d15b948102f DependenciesID=7282c77c1100955ec1f98a8ab4e4e49d StaticDependenciesID=6d07170c384dad091ab2a17addcef13d 
Number of updated asset objects reloaded before import = 0Number of asset objects unloaded after import = 1

========================================================================
Received Import Request.
  Time since last request: 0.894821 seconds.
  path: Assets/DialogueData/MainClassroom/LC/LC_Default.asset
  importAddress: Guid(bd4887c36b5574f4bbbaab85eb44f54d) Importer(2089858483,b0f066a214c2f5e87bad3c948f4d605d)
Start importing Assets/DialogueData/MainClassroom/LC/LC_Default.asset using Guid(bd4887c36b5574f4bbbaab85eb44f54d) Importer(2089858483,b0f066a214c2f5e87bad3c948f4d605d) (ScriptedImporter) -> (Import Result ID: '089381c35855d533656ec1a0d3467efb') in 0.0309506 seconds [static and dynamic dependencies]. Details - ImportResultOutputID=b8f2a62609883fba0299e5295ef29a42 DependenciesID=90de39c74cbdc1e4e3f8ab590cd7759d StaticDependenciesID=104b2715ca2fa9e8bc937d62c0675738 
Number of updated asset objects reloaded before import = 0Number of asset objects unloaded after import = 1

========================================================================
Received Import Request.
  Time since last request: 29.183822 seconds.
  path: Assets/Prefabs/NPC/HanNhatNinh.prefab
  importAddress: Guid(d68b4e3ba1829094eac924ea0bbe6df5) Importer(815301076,1909f56bfc062723c751e8b465ee728b)
Start importing Assets/Prefabs/NPC/HanNhatNinh.prefab using Guid(d68b4e3ba1829094eac924ea0bbe6df5) Importer(815301076,1909f56bfc062723c751e8b465ee728b) (PreviewImporter) -> (Import Result ID: 'e70b03c5790b49a42309e1c771da902f') in 6.7082766 seconds [static and dynamic dependencies]. Details - ImportResultOutputID=7538e5a291d062d22e757abbd2289dac DependenciesID=9ba13666a51b01ce3cca67075cb5c352 StaticDependenciesID=3e22c07886bbc3d96e140c7cd8a41a31 
Number of updated asset objects reloaded before import = 0Number of asset objects unloaded after import = 110

========================================================================
Received Import Request.
  Time since last request: 0.001543 seconds.
  path: Assets/Prefabs/NPC/Shiba.prefab
  importAddress: Guid(a8c697f5be5c0284ea4d7c241052f4e1) Importer(815301076,1909f56bfc062723c751e8b465ee728b)
Start importing Assets/Prefabs/NPC/Shiba.prefab using Guid(a8c697f5be5c0284ea4d7c241052f4e1) Importer(815301076,1909f56bfc062723c751e8b465ee728b) (PreviewImporter) -> (Import Result ID: '627d79bb098167a88c3f179dca9798bc') in 1.2430999 seconds [static and dynamic dependencies]. Details - ImportResultOutputID=ae5a225c9c4441e9ab445d39273bf5c4 DependenciesID=8b72874a43f8ccd93930fe769370433b StaticDependenciesID=38794ae99dc52b1b4ff34cc5f7b877c9 
Number of updated asset objects reloaded before import = 0Number of asset objects unloaded after import = 110

========================================================================
Received Import Request.
  Time since last request: 0.000093 seconds.
  path: Assets/Prefabs/NPC/NPC_Teacher_Scheduled.prefab
  importAddress: Guid(a91ec0a1a91ec0a1a91ec0a1a91ec0b2) Importer(815301076,1909f56bfc062723c751e8b465ee728b)
Start importing Assets/Prefabs/NPC/NPC_Teacher_Scheduled.prefab using Guid(a91ec0a1a91ec0a1a91ec0a1a91ec0b2) Importer(815301076,1909f56bfc062723c751e8b465ee728b) (PreviewImporter) -> (Import Result ID: 'f80ae0898c0e34ef1feb6b6505554afc') in 1.070586 seconds [static and dynamic dependencies]. Details - ImportResultOutputID=73e4de3aa6831201ca8e19f1799488d3 DependenciesID=8a721081b382d3bc96a112ee007655b0 StaticDependenciesID=32fd48b09d6c6c7c71cc6e0c1355868a 
Number of updated asset objects reloaded before import = 0Number of asset objects unloaded after import = 112

========================================================================
Received Import Request.
  Time since last request: 5.340330 seconds.
  path: Assets/DialogueData/MainClassroom/FishTank/FishTank.asset
  importAddress: Guid(d99fc26cfb33d2440a91d6cfb2d69bdf) Importer(815301076,1909f56bfc062723c751e8b465ee728b)
Start importing Assets/DialogueData/MainClassroom/FishTank/FishTank.asset using Guid(d99fc26cfb33d2440a91d6cfb2d69bdf) Importer(815301076,1909f56bfc062723c751e8b465ee728b) (PreviewImporter) -> (Import Result ID: '0bb74ef30d66449aad8a0199ec7fb37c') in 0.0216109 seconds [static and dynamic dependencies]. Details - ImportResultOutputID=c8dc6d25bba1cb88ca1ce965b6a660e4 DependenciesID=ac1cb8b4d8938c88ee956cd560ca46b0 StaticDependenciesID=7dae89521386470b226932e2eabdaf4b 
Number of updated asset objects reloaded before import = 0Number of asset objects unloaded after import = 1

========================================================================
Received Import Request.
  Time since last request: 0.000039 seconds.
  path: Assets/DialogueData/MainClassroom/Locket/LocketMainClassHasItem.asset
  importAddress: Guid(272e2c868ed30424fb8ed07b5f6ce3ee) Importer(815301076,1909f56bfc062723c751e8b465ee728b)
Start importing Assets/DialogueData/MainClassroom/Locket/LocketMainClassHasItem.asset using Guid(272e2c868ed30424fb8ed07b5f6ce3ee) Importer(815301076,1909f56bfc062723c751e8b465ee728b) (PreviewImporter) -> (Import Result ID: 'ad72a1ce633f049e96a5739c0ead47c9') in 0.0196684 seconds [static and dynamic dependencies]. Details - ImportResultOutputID=4a114faf2f22ab9c8310aca854742574 DependenciesID=752927f7d908b6c473837a4568a7d54c StaticDependenciesID=78e69ba19de18b5f5e1ba1bb41e822c9 
Number of updated asset objects reloaded before import = 0Number of asset objects unloaded after import = 3

========================================================================
Received Import Request.
  Time since last request: 14.642215 seconds.
  path: Assets/ScriptableObject/NPC/Routine/RoutineData_LinChi.asset
  importAddress: Guid(ce37e35990ae9894e80a39b4e1f2363b) Importer(815301076,1909f56bfc062723c751e8b465ee728b)
Start importing Assets/ScriptableObject/NPC/Routine/RoutineData_LinChi.asset using Guid(ce37e35990ae9894e80a39b4e1f2363b) Importer(815301076,1909f56bfc062723c751e8b465ee728b) (PreviewImporter) -> (Import Result ID: '426bc06f1a596144a17920c07bbcb0f2') in 0.0025874 seconds [static and dynamic dependencies]. Details - ImportResultOutputID=4c59571f708ee0a6ed456b729c2f789e DependenciesID=9af93f2573502c850398be7b940470ee StaticDependenciesID=a427db678a6343fe744282a810916d14 
Number of updated asset objects reloaded before import = 0Number of asset objects unloaded after import = 1

========================================================================
Received Import Request.
  Time since last request: 8.756001 seconds.
  path: Assets/Prefabs/NPC/LinChi.prefab
  importAddress: Guid(f2b48e697782ef94f80e0f4b268d4827) Importer(2089858483,b0f066a214c2f5e87bad3c948f4d605d)
Start importing Assets/Prefabs/NPC/LinChi.prefab using Guid(f2b48e697782ef94f80e0f4b268d4827) Importer(2089858483,b0f066a214c2f5e87bad3c948f4d605d) (ScriptedImporter) -> (Import Result ID: '1836e5666836adae34feadba151c52ae') in 0.1917423 seconds [static and dynamic dependencies]. Details - ImportResultOutputID=787ff120ff3a4bf7b3366caaa6b4f5da DependenciesID=e7adde1f3cdeb7f8da2d7eef366062b7 StaticDependenciesID=1f279a5a3ccefc8c24c1ee43fa289ca6 
Number of updated asset objects reloaded before import = 0Number of asset objects unloaded after import = 34

========================================================================
Received Import Request.
  Time since last request: 0.622664 seconds.
  path: Assets/Quest/StartQuest.asset
  importAddress: Guid(c0312486a49b38440ab2e1bd0dd66337) Importer(815301076,1909f56bfc062723c751e8b465ee728b)
Start importing Assets/Quest/StartQuest.asset using Guid(c0312486a49b38440ab2e1bd0dd66337) Importer(815301076,1909f56bfc062723c751e8b465ee728b) (PreviewImporter) -> (Import Result ID: 'df359e1f2836afeabc05982496cda097') in 0.0171196 seconds [static and dynamic dependencies]. Details - ImportResultOutputID=72e4ce5f4af58c9c49a8e98de0cfd968 DependenciesID=5332a0efe22a206a6df6325ee9cc0535 StaticDependenciesID=2aac8f3b505f9c0e6358b07d5aceebb2 
Number of updated asset objects reloaded before import = 0Number of asset objects unloaded after import = 1

========================================================================
Received Import Request.
  Time since last request: 13.426104 seconds.
  path: Assets/ScriptableObject/NPC/Profiles/Profile_LinChi.asset
  importAddress: Guid(f64e1c0ba2da7ee4a891f45f588e3f29) Importer(815301076,1909f56bfc062723c751e8b465ee728b)
Start importing Assets/ScriptableObject/NPC/Profiles/Profile_LinChi.asset using Guid(f64e1c0ba2da7ee4a891f45f588e3f29) Importer(815301076,1909f56bfc062723c751e8b465ee728b) (PreviewImporter) -> (Import Result ID: '2ee54db6f1e2d9b7397f23bdc1387672') in 0.0045169 seconds [static and dynamic dependencies]. Details - ImportResultOutputID=68f49021923386bbbeb796326290796f DependenciesID=8c372982189ea4fe169d9722ebeb7787 StaticDependenciesID=e5925148e3b2a99095b04fac91de468f 
Number of updated asset objects reloaded before import = 0Number of asset objects unloaded after import = 4

========================================================================
Received Import Request.
  Time since last request: 0.593152 seconds.
  path: Assets/DialogueData/MainClassroom/LC/LC_Default.asset
  importAddress: Guid(bd4887c36b5574f4bbbaab85eb44f54d) Importer(2089858483,b0f066a214c2f5e87bad3c948f4d605d)
Start importing Assets/DialogueData/MainClassroom/LC/LC_Default.asset using Guid(bd4887c36b5574f4bbbaab85eb44f54d) Importer(2089858483,b0f066a214c2f5e87bad3c948f4d605d) (ScriptedImporter) -> (Import Result ID: '3b1090a47ad2e8ba3caf4c133f485393') in 0.0302492 seconds [static and dynamic dependencies]. Details - ImportResultOutputID=b58aa97a808a7efbc3559c0db248c036 DependenciesID=77cbd95ccfacc67552c38acfce39e719 StaticDependenciesID=bc1a283036aebbd9e047a8e4e0be8e35 
Number of updated asset objects reloaded before import = 0Number of asset objects unloaded after import = 1

========================================================================
Received Import Request.
  Time since last request: 0.000066 seconds.
  path: Assets/DialogueData/MainClassroom/LC/LC_FirstTime.asset
  importAddress: Guid(30b5e13df47afea4eaed82a52b8b14fb) Importer(2089858483,b0f066a214c2f5e87bad3c948f4d605d)
Start importing Assets/DialogueData/MainClassroom/LC/LC_FirstTime.asset using Guid(30b5e13df47afea4eaed82a52b8b14fb) Importer(2089858483,b0f066a214c2f5e87bad3c948f4d605d) (ScriptedImporter) -> (Import Result ID: 'cbfac2c0c38803ff91c6740e23df2767') in 0.1170143 seconds [static and dynamic dependencies]. Details - ImportResultOutputID=62eceb0392a6e4d0de2442d711ae7010 DependenciesID=0b02948d2ccdcb38eb463bba4ca25576 StaticDependenciesID=0700486b249ddb7f45cfe56e7b6ad66c 
Number of updated asset objects reloaded before import = 0Number of asset objects unloaded after import = 1

========================================================================
Received Prepare
Begin MonoManager ReloadAssembly
[Licensing::Client] Successfully resolved entitlement details
You may not pass in objects that are already persistent
UnityEngine.Debug:ExtractStackTraceNoAlloc (byte*,int,string)
UnityEngine.StackTraceUtility:ExtractStackTrace ()
UnityEditorInternal.InternalEditorUtility:SaveToSerializedFileAndForgetInternal (string,UnityEngine.Object[],bool)
UnityEditorInternal.InternalEditorUtility:SaveToSerializedFileAndForget (UnityEngine.Object[],string,bool)
UnityEditor.Build.Profile.BuildProfileContext:Save ()
UnityEditor.Build.Profile.BuildProfileContext:OnDisable ()

[C:\build\output\unity\unity\Editor\Src\EditorWindowController.cpp line 138]

You may not pass in objects that are already persistent
UnityEngine.Debug:ExtractStackTraceNoAlloc (byte*,int,string)
UnityEngine.StackTraceUtility:ExtractStackTrace ()
UnityEditorInternal.InternalEditorUtility:SaveToSerializedFileAndForgetInternal (string,UnityEngine.Object[],bool)
UnityEditorInternal.InternalEditorUtility:SaveToSerializedFileAndForget (UnityEngine.Object[],string,bool)
UnityEditor.Build.Profile.BuildProfileContext:Save ()
UnityEditor.Build.Profile.BuildProfileContext:OnDisable ()

[C:\build\output\unity\unity\Editor\Src\EditorWindowController.cpp line 138]

Assembly Assembly-CSharp-Editor-firstpass.dll at Library/ScriptAssemblies/Assembly-CSharp-Editor-firstpass.dll not valid. Loading of assembly skipped.
Assembly Assembly-CSharp-firstpass.dll at Library/ScriptAssemblies/Assembly-CSharp-firstpass.dll not valid. Loading of assembly skipped.
Assembly DocCodeExamples.dll at Library/ScriptAssemblies/DocCodeExamples.dll not valid. Loading of assembly skipped.
Assembly TestNewCustomAssembly.dll at Library/ScriptAssemblies/TestNewCustomAssembly.dll not valid. Loading of assembly skipped.
Assembly Unity.2D.Animation.EditorTests.dll at Library/ScriptAssemblies/Unity.2D.Animation.EditorTests.dll not valid. Loading of assembly skipped.
Assembly Unity.2D.Aseprite.EditorTests.dll at Library/ScriptAssemblies/Unity.2D.Aseprite.EditorTests.dll not valid. Loading of assembly skipped.
Assembly Unity.2D.Common.EditorTests.dll at Library/ScriptAssemblies/Unity.2D.Common.EditorTests.dll not valid. Loading of assembly skipped.
Assembly Unity.2D.Psdimporter.EditorTests.dll at Library/ScriptAssemblies/Unity.2D.Psdimporter.EditorTests.dll not valid. Loading of assembly skipped.
Assembly Unity.2D.Sprite.Package.EditorTests.dll at Library/ScriptAssemblies/Unity.2D.Sprite.Package.EditorTests.dll not valid. Loading of assembly skipped.
Assembly Unity.2D.SpriteShape.EditorTests.dll at Library/ScriptAssemblies/Unity.2D.SpriteShape.EditorTests.dll not valid. Loading of assembly skipped.
Assembly Unity.2D.Tilemap.Package.EditorTests.dll at Library/ScriptAssemblies/Unity.2D.Tilemap.Package.EditorTests.dll not valid. Loading of assembly skipped.
Assembly Unity.Collections.BurstCompatibilityGen.dll at Library/ScriptAssemblies/Unity.Collections.BurstCompatibilityGen.dll not valid. Loading of assembly skipped.
Assembly Unity.Collections.DocCodeSamples.dll at Library/ScriptAssemblies/Unity.Collections.DocCodeSamples.dll not valid. Loading of assembly skipped.
Assembly Unity.Collections.PerformanceTests.dll at Library/ScriptAssemblies/Unity.Collections.PerformanceTests.dll not valid. Loading of assembly skipped.
Assembly Unity.Collections.Tests.dll at Library/ScriptAssemblies/Unity.Collections.Tests.dll not valid. Loading of assembly skipped.
Assembly Unity.Collections.Tests.Playmode.dll at Library/ScriptAssemblies/Unity.Collections.Tests.Playmode.dll not valid. Loading of assembly skipped.
Assembly Unity.InputSystem.IntegrationTests.dll at Library/ScriptAssemblies/Unity.InputSystem.IntegrationTests.dll not valid. Loading of assembly skipped.
Assembly Unity.Mathematics.Tests.dll at Library/ScriptAssemblies/Unity.Mathematics.Tests.dll not valid. Loading of assembly skipped.
Assembly Unity.Multiplayer.Center.Editor.Tests.dll at Library/ScriptAssemblies/Unity.Multiplayer.Center.Editor.Tests.dll not valid. Loading of assembly skipped.
Assembly Unity.Multiplayer.Center.Tests.dll at Library/ScriptAssemblies/Unity.Multiplayer.Center.Tests.dll not valid. Loading of assembly skipped.
Assembly Unity.Nuget.Mono-Cecil.dll at Library/ScriptAssemblies/Unity.Nuget.Mono-Cecil.dll not valid. Loading of assembly skipped.
Assembly Unity.PathTracing.Editor.Tests.dll at Library/ScriptAssemblies/Unity.PathTracing.Editor.Tests.dll not valid. Loading of assembly skipped.
Assembly Unity.PathTracing.Runtime.Tests.dll at Library/ScriptAssemblies/Unity.PathTracing.Runtime.Tests.dll not valid. Loading of assembly skipped.
Assembly Unity.RenderPipelines.Core.Editor.Tests.dll at Library/ScriptAssemblies/Unity.RenderPipelines.Core.Editor.Tests.dll not valid. Loading of assembly skipped.
Assembly Unity.RenderPipelines.Core.Runtime.Tests.dll at Library/ScriptAssemblies/Unity.RenderPipelines.Core.Runtime.Tests.dll not valid. Loading of assembly skipped.
Assembly Unity.RenderPipelines.Universal.Config.Editor.Tests.dll at Library/ScriptAssemblies/Unity.RenderPipelines.Universal.Config.Editor.Tests.dll not valid. Loading of assembly skipped.
Assembly Unity.RenderPipelines.Universal.Editor.Tests.dll at Library/ScriptAssemblies/Unity.RenderPipelines.Universal.Editor.Tests.dll not valid. Loading of assembly skipped.
Assembly Unity.RenderPipelines.Universal.Runtime.Tests.dll at Library/ScriptAssemblies/Unity.RenderPipelines.Universal.Runtime.Tests.dll not valid. Loading of assembly skipped.
Assembly Unity.Searcher.EditorTests.dll at Library/ScriptAssemblies/Unity.Searcher.EditorTests.dll not valid. Loading of assembly skipped.
Assembly Unity.ShaderGraph.Editor.Tests.dll at Library/ScriptAssemblies/Unity.ShaderGraph.Editor.Tests.dll not valid. Loading of assembly skipped.
Assembly Unity.TextMeshPro.Editor.Tests.dll at Library/ScriptAssemblies/Unity.TextMeshPro.Editor.Tests.dll not valid. Loading of assembly skipped.
Assembly Unity.TextMeshPro.Tests.dll at Library/ScriptAssemblies/Unity.TextMeshPro.Tests.dll not valid. Loading of assembly skipped.
Assembly Unity.UnifiedRayTracing.Editor.Tests.dll at Library/ScriptAssemblies/Unity.UnifiedRayTracing.Editor.Tests.dll not valid. Loading of assembly skipped.
Assembly UnityEditor.UI.Common.Tests.dll at Library/ScriptAssemblies/UnityEditor.UI.Common.Tests.dll not valid. Loading of assembly skipped.
Assembly UnityEditor.UI.EditorTests.dll at Library/ScriptAssemblies/UnityEditor.UI.EditorTests.dll not valid. Loading of assembly skipped.
Assembly UnityEngine.UI.Tests.dll at Library/ScriptAssemblies/UnityEngine.UI.Tests.dll not valid. Loading of assembly skipped.
Refreshing native plugins compatible for Editor in 5.39 ms, found 4 plugins.
BuildProfileContext singleton already exists.
UnityEngine.Debug:ExtractStackTraceNoAlloc (byte*,int,string)
UnityEngine.StackTraceUtility:ExtractStackTrace ()
UnityEngine.DebugLogHandler:Internal_Log (UnityEngine.LogType,UnityEngine.LogOption,string,UnityEngine.Object)
UnityEngine.DebugLogHandler:LogFormat (UnityEngine.LogType,UnityEngine.Object,string,object[])
UnityEngine.Logger:Log (UnityEngine.LogType,object)
UnityEngine.Debug:LogError (object)
UnityEditor.Build.Profile.BuildProfileContext:.ctor ()

Native extension for Android target not found
Native extension for WindowsStandalone target not found
[Package Manager] Failed to launch server process. Reason: Unity was launched with the -noUpm command-line argument
[Package Manager] Unable to send message (not connected to server process).
[Package Manager] Cannot connect to Unity Package Manager local server
[Package Manager] Failed to launch server process. Reason: Unity was launched with the -noUpm command-line argument
[Package Manager] Unable to send message (not connected to server process).
[Package Manager] Cannot connect to Unity Package Manager local server
ScheduleIndexationOnStartup MainProcess:False IndexOnStartup:True
[Licensing::Client] Successfully resolved entitlement details
Mono: successfully reloaded assembly
- Finished resetting the current domain, in 11.469 seconds
Domain Reload Profiling: 21409ms
	BeginReloadAssembly (1808ms)
		DisableScriptedObjects (433ms)
		CreateAndSetChildDomain (248ms)
	RebuildCommonClasses (218ms)
	RebuildNativeTypeToScriptingClass (45ms)
	initialDomainReloadingComplete (316ms)
	LoadAllAssembliesAndSetupDomain (7552ms)
		LoadAssemblies (6315ms)
		AnalyzeDomain (1870ms)
			TypeCache.Refresh (46ms)
				TypeCache.ScanAssembly (5ms)
			BuildScriptInfoCaches (1648ms)
			ResolveRequiredComponents (156ms)
	FinalizeReload (11471ms)
		SetupLoadedEditorAssemblies (0ms)
			InitializePlatformSupportModulesInManaged (53ms)
			BeforeProcessingInitializeOnLoad (2137ms)
			ProcessInitializeOnLoadAttributes (6736ms)
			ProcessInitializeOnLoadMethodAttributes (553ms)
			AfterProcessingInitializeOnLoad (16ms)
		AwakeInstancesAfterBackupRestoration (108ms)
Refreshing native plugins compatible for Editor in 5.45 ms, found 4 plugins.
Unloading 24 Unused Serialized files (Serialized files now loaded: 0)
Unloading 7115 unused Assets / (5.7 MB). Loaded Objects now: 8073.
Memory consumption went from 171.8 MB to 166.2 MB.
Total: 32.547200 ms (FindLiveObjects: 1.940800 ms CreateObjectMapping: 2.618000 ms MarkObjects: 20.628700 ms  DeleteObjects: 7.357300 ms)

Prepare: number of updated asset objects reloaded= 0
========================================================================
Received Prepare
Begin MonoManager ReloadAssembly
You may not pass in objects that are already persistent
UnityEngine.Debug:ExtractStackTraceNoAlloc (byte*,int,string)
UnityEngine.StackTraceUtility:ExtractStackTrace ()
UnityEditorInternal.InternalEditorUtility:SaveToSerializedFileAndForgetInternal (string,UnityEngine.Object[],bool)
UnityEditorInternal.InternalEditorUtility:SaveToSerializedFileAndForget (UnityEngine.Object[],string,bool)
UnityEditor.Build.Profile.BuildProfileContext:Save ()
UnityEditor.Build.Profile.BuildProfileContext:OnDisable ()

[C:\build\output\unity\unity\Editor\Src\EditorWindowController.cpp line 138]

You may not pass in objects that are already persistent
UnityEngine.Debug:ExtractStackTraceNoAlloc (byte*,int,string)
UnityEngine.StackTraceUtility:ExtractStackTrace ()
UnityEditorInternal.InternalEditorUtility:SaveToSerializedFileAndForgetInternal (string,UnityEngine.Object[],bool)
UnityEditorInternal.InternalEditorUtility:SaveToSerializedFileAndForget (UnityEngine.Object[],string,bool)
UnityEditor.Build.Profile.BuildProfileContext:Save ()
UnityEditor.Build.Profile.BuildProfileContext:OnDisable ()

[C:\build\output\unity\unity\Editor\Src\EditorWindowController.cpp line 138]

Assembly Assembly-CSharp-Editor-firstpass.dll at Library/ScriptAssemblies/Assembly-CSharp-Editor-firstpass.dll not valid. Loading of assembly skipped.
Assembly Assembly-CSharp-firstpass.dll at Library/ScriptAssemblies/Assembly-CSharp-firstpass.dll not valid. Loading of assembly skipped.
Assembly DocCodeExamples.dll at Library/ScriptAssemblies/DocCodeExamples.dll not valid. Loading of assembly skipped.
Assembly TestNewCustomAssembly.dll at Library/ScriptAssemblies/TestNewCustomAssembly.dll not valid. Loading of assembly skipped.
Assembly Unity.2D.Animation.EditorTests.dll at Library/ScriptAssemblies/Unity.2D.Animation.EditorTests.dll not valid. Loading of assembly skipped.
Assembly Unity.2D.Aseprite.EditorTests.dll at Library/ScriptAssemblies/Unity.2D.Aseprite.EditorTests.dll not valid. Loading of assembly skipped.
Assembly Unity.2D.Common.EditorTests.dll at Library/ScriptAssemblies/Unity.2D.Common.EditorTests.dll not valid. Loading of assembly skipped.
Assembly Unity.2D.Psdimporter.EditorTests.dll at Library/ScriptAssemblies/Unity.2D.Psdimporter.EditorTests.dll not valid. Loading of assembly skipped.
Assembly Unity.2D.Sprite.Package.EditorTests.dll at Library/ScriptAssemblies/Unity.2D.Sprite.Package.EditorTests.dll not valid. Loading of assembly skipped.
Assembly Unity.2D.SpriteShape.EditorTests.dll at Library/ScriptAssemblies/Unity.2D.SpriteShape.EditorTests.dll not valid. Loading of assembly skipped.
Assembly Unity.2D.Tilemap.Package.EditorTests.dll at Library/ScriptAssemblies/Unity.2D.Tilemap.Package.EditorTests.dll not valid. Loading of assembly skipped.
Assembly Unity.Collections.BurstCompatibilityGen.dll at Library/ScriptAssemblies/Unity.Collections.BurstCompatibilityGen.dll not valid. Loading of assembly skipped.
Assembly Unity.Collections.DocCodeSamples.dll at Library/ScriptAssemblies/Unity.Collections.DocCodeSamples.dll not valid. Loading of assembly skipped.
Assembly Unity.Collections.PerformanceTests.dll at Library/ScriptAssemblies/Unity.Collections.PerformanceTests.dll not valid. Loading of assembly skipped.
Assembly Unity.Collections.Tests.dll at Library/ScriptAssemblies/Unity.Collections.Tests.dll not valid. Loading of assembly skipped.
Assembly Unity.Collections.Tests.Playmode.dll at Library/ScriptAssemblies/Unity.Collections.Tests.Playmode.dll not valid. Loading of assembly skipped.
Assembly Unity.InputSystem.IntegrationTests.dll at Library/ScriptAssemblies/Unity.InputSystem.IntegrationTests.dll not valid. Loading of assembly skipped.
Assembly Unity.Mathematics.Tests.dll at Library/ScriptAssemblies/Unity.Mathematics.Tests.dll not valid. Loading of assembly skipped.
Assembly Unity.Multiplayer.Center.Editor.Tests.dll at Library/ScriptAssemblies/Unity.Multiplayer.Center.Editor.Tests.dll not valid. Loading of assembly skipped.
Assembly Unity.Multiplayer.Center.Tests.dll at Library/ScriptAssemblies/Unity.Multiplayer.Center.Tests.dll not valid. Loading of assembly skipped.
Assembly Unity.Nuget.Mono-Cecil.dll at Library/ScriptAssemblies/Unity.Nuget.Mono-Cecil.dll not valid. Loading of assembly skipped.
Assembly Unity.PathTracing.Editor.Tests.dll at Library/ScriptAssemblies/Unity.PathTracing.Editor.Tests.dll not valid. Loading of assembly skipped.
Assembly Unity.PathTracing.Runtime.Tests.dll at Library/ScriptAssemblies/Unity.PathTracing.Runtime.Tests.dll not valid. Loading of assembly skipped.
Assembly Unity.RenderPipelines.Core.Editor.Tests.dll at Library/ScriptAssemblies/Unity.RenderPipelines.Core.Editor.Tests.dll not valid. Loading of assembly skipped.
Assembly Unity.RenderPipelines.Core.Runtime.Tests.dll at Library/ScriptAssemblies/Unity.RenderPipelines.Core.Runtime.Tests.dll not valid. Loading of assembly skipped.
Assembly Unity.RenderPipelines.Universal.Config.Editor.Tests.dll at Library/ScriptAssemblies/Unity.RenderPipelines.Universal.Config.Editor.Tests.dll not valid. Loading of assembly skipped.
Assembly Unity.RenderPipelines.Universal.Editor.Tests.dll at Library/ScriptAssemblies/Unity.RenderPipelines.Universal.Editor.Tests.dll not valid. Loading of assembly skipped.
Assembly Unity.RenderPipelines.Universal.Runtime.Tests.dll at Library/ScriptAssemblies/Unity.RenderPipelines.Universal.Runtime.Tests.dll not valid. Loading of assembly skipped.
Assembly Unity.Searcher.EditorTests.dll at Library/ScriptAssemblies/Unity.Searcher.EditorTests.dll not valid. Loading of assembly skipped.
Assembly Unity.ShaderGraph.Editor.Tests.dll at Library/ScriptAssemblies/Unity.ShaderGraph.Editor.Tests.dll not valid. Loading of assembly skipped.
Assembly Unity.TextMeshPro.Editor.Tests.dll at Library/ScriptAssemblies/Unity.TextMeshPro.Editor.Tests.dll not valid. Loading of assembly skipped.
Assembly Unity.TextMeshPro.Tests.dll at Library/ScriptAssemblies/Unity.TextMeshPro.Tests.dll not valid. Loading of assembly skipped.
Assembly Unity.UnifiedRayTracing.Editor.Tests.dll at Library/ScriptAssemblies/Unity.UnifiedRayTracing.Editor.Tests.dll not valid. Loading of assembly skipped.
Assembly UnityEditor.UI.Common.Tests.dll at Library/ScriptAssemblies/UnityEditor.UI.Common.Tests.dll not valid. Loading of assembly skipped.
Assembly UnityEditor.UI.EditorTests.dll at Library/ScriptAssemblies/UnityEditor.UI.EditorTests.dll not valid. Loading of assembly skipped.
Assembly UnityEngine.UI.Tests.dll at Library/ScriptAssemblies/UnityEngine.UI.Tests.dll not valid. Loading of assembly skipped.
Refreshing native plugins compatible for Editor in 3.26 ms, found 4 plugins.
BuildProfileContext singleton already exists.
UnityEngine.Debug:ExtractStackTraceNoAlloc (byte*,int,string)
UnityEngine.StackTraceUtility:ExtractStackTrace ()
UnityEngine.DebugLogHandler:Internal_Log (UnityEngine.LogType,UnityEngine.LogOption,string,UnityEngine.Object)
UnityEngine.DebugLogHandler:LogFormat (UnityEngine.LogType,UnityEngine.Object,string,object[])
UnityEngine.Logger:Log (UnityEngine.LogType,object)
UnityEngine.Debug:LogError (object)
UnityEditor.Build.Profile.BuildProfileContext:.ctor ()

Native extension for Android target not found
Native extension for WindowsStandalone target not found
[Package Manager] Failed to launch server process. Reason: Unity was launched with the -noUpm command-line argument
[Package Manager] Unable to send message (not connected to server process).
[Package Manager] Cannot connect to Unity Package Manager local server
[Package Manager] Failed to launch server process. Reason: Unity was launched with the -noUpm command-line argument
[Package Manager] Unable to send message (not connected to server process).
[Package Manager] Cannot connect to Unity Package Manager local server
ScheduleIndexationOnStartup MainProcess:False IndexOnStartup:True
Mono: successfully reloaded assembly
- Finished resetting the current domain, in  4.717 seconds
Domain Reload Profiling: 8539ms
	BeginReloadAssembly (1159ms)
		DisableScriptedObjects (145ms)
		CreateAndSetChildDomain (246ms)
	RebuildCommonClasses (164ms)
	RebuildNativeTypeToScriptingClass (73ms)
	initialDomainReloadingComplete (264ms)
	LoadAllAssembliesAndSetupDomain (2161ms)
		LoadAssemblies (1674ms)
		AnalyzeDomain (1025ms)
			TypeCache.Refresh (46ms)
			BuildScriptInfoCaches (925ms)
			ResolveRequiredComponents (49ms)
	FinalizeReload (4718ms)
		SetupLoadedEditorAssemblies (0ms)
			InitializePlatformSupportModulesInManaged (23ms)
			BeforeProcessingInitializeOnLoad (1066ms)
			ProcessInitializeOnLoadAttributes (2364ms)
			ProcessInitializeOnLoadMethodAttributes (477ms)
			AfterProcessingInitializeOnLoad (41ms)
		AwakeInstancesAfterBackupRestoration (113ms)
Refreshing native plugins compatible for Editor in 3.71 ms, found 4 plugins.
Unloading 24 Unused Serialized files (Serialized files now loaded: 0)
Unloading 7112 unused Assets / (5.4 MB). Loaded Objects now: 8076.
Memory consumption went from 175.0 MB to 169.7 MB.
Total: 27.566600 ms (FindLiveObjects: 1.582100 ms CreateObjectMapping: 2.702200 ms MarkObjects: 15.721900 ms  DeleteObjects: 7.558100 ms)

Prepare: number of updated asset objects reloaded= 0
========================================================================
Received Prepare
Begin MonoManager ReloadAssembly
[Licensing::Client] Successfully resolved entitlement details
You may not pass in objects that are already persistent
UnityEngine.Debug:ExtractStackTraceNoAlloc (byte*,int,string)
UnityEngine.StackTraceUtility:ExtractStackTrace ()
UnityEditorInternal.InternalEditorUtility:SaveToSerializedFileAndForgetInternal (string,UnityEngine.Object[],bool)
UnityEditorInternal.InternalEditorUtility:SaveToSerializedFileAndForget (UnityEngine.Object[],string,bool)
UnityEditor.Build.Profile.BuildProfileContext:Save ()
UnityEditor.Build.Profile.BuildProfileContext:OnDisable ()

[C:\build\output\unity\unity\Editor\Src\EditorWindowController.cpp line 138]

You may not pass in objects that are already persistent
UnityEngine.Debug:ExtractStackTraceNoAlloc (byte*,int,string)
UnityEngine.StackTraceUtility:ExtractStackTrace ()
UnityEditorInternal.InternalEditorUtility:SaveToSerializedFileAndForgetInternal (string,UnityEngine.Object[],bool)
UnityEditorInternal.InternalEditorUtility:SaveToSerializedFileAndForget (UnityEngine.Object[],string,bool)
UnityEditor.Build.Profile.BuildProfileContext:Save ()
UnityEditor.Build.Profile.BuildProfileContext:OnDisable ()

[C:\build\output\unity\unity\Editor\Src\EditorWindowController.cpp line 138]

Assembly Assembly-CSharp-Editor-firstpass.dll at Library/ScriptAssemblies/Assembly-CSharp-Editor-firstpass.dll not valid. Loading of assembly skipped.
Assembly Assembly-CSharp-firstpass.dll at Library/ScriptAssemblies/Assembly-CSharp-firstpass.dll not valid. Loading of assembly skipped.
Assembly DocCodeExamples.dll at Library/ScriptAssemblies/DocCodeExamples.dll not valid. Loading of assembly skipped.
Assembly TestNewCustomAssembly.dll at Library/ScriptAssemblies/TestNewCustomAssembly.dll not valid. Loading of assembly skipped.
Assembly Unity.2D.Animation.EditorTests.dll at Library/ScriptAssemblies/Unity.2D.Animation.EditorTests.dll not valid. Loading of assembly skipped.
Assembly Unity.2D.Aseprite.EditorTests.dll at Library/ScriptAssemblies/Unity.2D.Aseprite.EditorTests.dll not valid. Loading of assembly skipped.
Assembly Unity.2D.Common.EditorTests.dll at Library/ScriptAssemblies/Unity.2D.Common.EditorTests.dll not valid. Loading of assembly skipped.
Assembly Unity.2D.Psdimporter.EditorTests.dll at Library/ScriptAssemblies/Unity.2D.Psdimporter.EditorTests.dll not valid. Loading of assembly skipped.
Assembly Unity.2D.Sprite.Package.EditorTests.dll at Library/ScriptAssemblies/Unity.2D.Sprite.Package.EditorTests.dll not valid. Loading of assembly skipped.
Assembly Unity.2D.SpriteShape.EditorTests.dll at Library/ScriptAssemblies/Unity.2D.SpriteShape.EditorTests.dll not valid. Loading of assembly skipped.
Assembly Unity.2D.Tilemap.Package.EditorTests.dll at Library/ScriptAssemblies/Unity.2D.Tilemap.Package.EditorTests.dll not valid. Loading of assembly skipped.
Assembly Unity.Collections.BurstCompatibilityGen.dll at Library/ScriptAssemblies/Unity.Collections.BurstCompatibilityGen.dll not valid. Loading of assembly skipped.
Assembly Unity.Collections.DocCodeSamples.dll at Library/ScriptAssemblies/Unity.Collections.DocCodeSamples.dll not valid. Loading of assembly skipped.
Assembly Unity.Collections.PerformanceTests.dll at Library/ScriptAssemblies/Unity.Collections.PerformanceTests.dll not valid. Loading of assembly skipped.
Assembly Unity.Collections.Tests.dll at Library/ScriptAssemblies/Unity.Collections.Tests.dll not valid. Loading of assembly skipped.
Assembly Unity.Collections.Tests.Playmode.dll at Library/ScriptAssemblies/Unity.Collections.Tests.Playmode.dll not valid. Loading of assembly skipped.
Assembly Unity.InputSystem.IntegrationTests.dll at Library/ScriptAssemblies/Unity.InputSystem.IntegrationTests.dll not valid. Loading of assembly skipped.
Assembly Unity.Mathematics.Tests.dll at Library/ScriptAssemblies/Unity.Mathematics.Tests.dll not valid. Loading of assembly skipped.
Assembly Unity.Multiplayer.Center.Editor.Tests.dll at Library/ScriptAssemblies/Unity.Multiplayer.Center.Editor.Tests.dll not valid. Loading of assembly skipped.
Assembly Unity.Multiplayer.Center.Tests.dll at Library/ScriptAssemblies/Unity.Multiplayer.Center.Tests.dll not valid. Loading of assembly skipped.
Assembly Unity.Nuget.Mono-Cecil.dll at Library/ScriptAssemblies/Unity.Nuget.Mono-Cecil.dll not valid. Loading of assembly skipped.
Assembly Unity.PathTracing.Editor.Tests.dll at Library/ScriptAssemblies/Unity.PathTracing.Editor.Tests.dll not valid. Loading of assembly skipped.
Assembly Unity.PathTracing.Runtime.Tests.dll at Library/ScriptAssemblies/Unity.PathTracing.Runtime.Tests.dll not valid. Loading of assembly skipped.
Assembly Unity.RenderPipelines.Core.Editor.Tests.dll at Library/ScriptAssemblies/Unity.RenderPipelines.Core.Editor.Tests.dll not valid. Loading of assembly skipped.
Assembly Unity.RenderPipelines.Core.Runtime.Tests.dll at Library/ScriptAssemblies/Unity.RenderPipelines.Core.Runtime.Tests.dll not valid. Loading of assembly skipped.
Assembly Unity.RenderPipelines.Universal.Config.Editor.Tests.dll at Library/ScriptAssemblies/Unity.RenderPipelines.Universal.Config.Editor.Tests.dll not valid. Loading of assembly skipped.
Assembly Unity.RenderPipelines.Universal.Editor.Tests.dll at Library/ScriptAssemblies/Unity.RenderPipelines.Universal.Editor.Tests.dll not valid. Loading of assembly skipped.
Assembly Unity.RenderPipelines.Universal.Runtime.Tests.dll at Library/ScriptAssemblies/Unity.RenderPipelines.Universal.Runtime.Tests.dll not valid. Loading of assembly skipped.
Assembly Unity.Searcher.EditorTests.dll at Library/ScriptAssemblies/Unity.Searcher.EditorTests.dll not valid. Loading of assembly skipped.
Assembly Unity.ShaderGraph.Editor.Tests.dll at Library/ScriptAssemblies/Unity.ShaderGraph.Editor.Tests.dll not valid. Loading of assembly skipped.
Assembly Unity.TextMeshPro.Editor.Tests.dll at Library/ScriptAssemblies/Unity.TextMeshPro.Editor.Tests.dll not valid. Loading of assembly skipped.
Assembly Unity.TextMeshPro.Tests.dll at Library/ScriptAssemblies/Unity.TextMeshPro.Tests.dll not valid. Loading of assembly skipped.
Assembly Unity.UnifiedRayTracing.Editor.Tests.dll at Library/ScriptAssemblies/Unity.UnifiedRayTracing.Editor.Tests.dll not valid. Loading of assembly skipped.
Assembly UnityEditor.UI.Common.Tests.dll at Library/ScriptAssemblies/UnityEditor.UI.Common.Tests.dll not valid. Loading of assembly skipped.
Assembly UnityEditor.UI.EditorTests.dll at Library/ScriptAssemblies/UnityEditor.UI.EditorTests.dll not valid. Loading of assembly skipped.
Assembly UnityEngine.UI.Tests.dll at Library/ScriptAssemblies/UnityEngine.UI.Tests.dll not valid. Loading of assembly skipped.
Refreshing native plugins compatible for Editor in 12.47 ms, found 4 plugins.
BuildProfileContext singleton already exists.
UnityEngine.Debug:ExtractStackTraceNoAlloc (byte*,int,string)
UnityEngine.StackTraceUtility:ExtractStackTrace ()
UnityEngine.DebugLogHandler:Internal_Log (UnityEngine.LogType,UnityEngine.LogOption,string,UnityEngine.Object)
UnityEngine.DebugLogHandler:LogFormat (UnityEngine.LogType,UnityEngine.Object,string,object[])
UnityEngine.Logger:Log (UnityEngine.LogType,object)
UnityEngine.Debug:LogError (object)
UnityEditor.Build.Profile.BuildProfileContext:.ctor ()

Native extension for Android target not found
Native extension for WindowsStandalone target not found
[Package Manager] Failed to launch server process. Reason: Unity was launched with the -noUpm command-line argument
[Package Manager] Unable to send message (not connected to server process).
[Package Manager] Cannot connect to Unity Package Manager local server
[Package Manager] Failed to launch server process. Reason: Unity was launched with the -noUpm command-line argument
[Package Manager] Unable to send message (not connected to server process).
[Package Manager] Cannot connect to Unity Package Manager local server
ScheduleIndexationOnStartup MainProcess:False IndexOnStartup:True
[Licensing::Client] Successfully resolved entitlement details
Mono: successfully reloaded assembly
- Finished resetting the current domain, in  9.989 seconds
Domain Reload Profiling: 22638ms
	BeginReloadAssembly (4399ms)
		DisableScriptedObjects (575ms)
		CreateAndSetChildDomain (733ms)
	RebuildCommonClasses (405ms)
	RebuildNativeTypeToScriptingClass (77ms)
	initialDomainReloadingComplete (1537ms)
	LoadAllAssembliesAndSetupDomain (6223ms)
		LoadAssemblies (4901ms)
		AnalyzeDomain (3499ms)
			TypeCache.Refresh (30ms)
			BuildScriptInfoCaches (3269ms)
			ResolveRequiredComponents (186ms)
	FinalizeReload (9998ms)
		SetupLoadedEditorAssemblies (0ms)
			InitializePlatformSupportModulesInManaged (61ms)
			BeforeProcessingInitializeOnLoad (2802ms)
			ProcessInitializeOnLoadAttributes (4058ms)
			ProcessInitializeOnLoadMethodAttributes (657ms)
			AfterProcessingInitializeOnLoad (231ms)
		AwakeInstancesAfterBackupRestoration (150ms)
Refreshing native plugins compatible for Editor in 4.03 ms, found 4 plugins.
Unloading 24 Unused Serialized files (Serialized files now loaded: 0)
Unloading 7112 unused Assets / (6.1 MB). Loaded Objects now: 8079.
Memory consumption went from 178.4 MB to 172.3 MB.
Total: 47.767500 ms (FindLiveObjects: 2.229700 ms CreateObjectMapping: 2.864100 ms MarkObjects: 21.931800 ms  DeleteObjects: 20.737300 ms)

Prepare: number of updated asset objects reloaded= 0
